,CFD Type,IB Symbol,Product Description (click link for more details),Symbol,Currency
0,Share,8591,ORIX CORP,8591,JPY
1,Share,6368,ORGANO CORP.,6368,JPY
2,Share,9435,HIKARI TSUSHIN INC,9435,JPY
3,Share,4324,DENTSU GROUP INC,4324,JPY
4,Share,6674,GS YUASA CORP,6674,JPY
5,Share,6448,BROTHER INDUSTRIES LTD,6448,JPY
6,Share,6490,NIPPON PILLAR PACKING CO LTD,6490,JPY
7,Share,6376,NIKKISO CO LTD,6376,JPY
8,Share,8267,AEON CO LTD,8267,JPY
9,Share,4530,HISAMITSU PHARMACEUTICAL CO,4530,JPY
10,Share,9517,EREX CO LTD,9517,JPY
11,Share,7951,YAMAHA CORP,7951,JPY
12,Share,6036,KEEPER TECHNICAL LABORATORY,6036,JPY
13,Share,8354,FUKUOKA FINANCIAL GROUP INC,8354,JPY
14,Share,7739,CANON ELECTRONICS INC,7739,JPY
15,Share,9997,BELLUNA CO LTD,9997,JPY
16,Share,6744,NOHMI BOSAI LTD,6744,JPY
17,Share,7581,SAIZERIYA CO LTD,7581,JPY
18,Share,7453,RYOHIN KEIKAKU CO LTD,7453,JPY
19,Share,7611,HIDAY HIDAKA CORP,7611,JPY
20,Share,8584,JACCS CO LTD,8584,JPY
21,Share,7447,NAGAILEBEN CO LTD,7447,JPY
22,Share,4812,DENTSU SOKEN INC,4812,JPY
23,Share,1979,TAIKISHA LTD,1979,JPY
24,Share,5481,SANYO SPECIAL STEEL CO LTD,5481,JPY
25,Share,7157,LIFENET INSURANCE CO,7157,JPY
26,Share,6724,SEIKO EPSON CORP,6724,JPY
27,Share,7990,GLOBERIDE INC,7990,JPY
28,Share,4477,BASE INC,4477,JPY
29,Share,8153,MOS FOOD SERVICES INC,8153,JPY
30,Share,4887,SAWAI GROUP HOLDINGS CO LTD,4887,JPY
31,Share,9007,ODAKYU ELECTRIC RAILWAY CO,9007,JPY
32,Share,4666,PARK24 CO LTD,4666,JPY
33,Share,4755,RAKUTEN GROUP INC,4755,JPY
34,Share,6323,RORZE CORP,6323,JPY
35,Share,4088,AIR WATER INC,4088,JPY
36,Share,2979,SOSILA LOGISTICS REIT INC,2979,JPY
37,Share,2730,EDION CORP,2730,JPY
38,Share,5471,DAIDO STEEL CO LTD,5471,JPY
39,Share,8961,MORI TRUST REIT INC,8961,JPY
40,Share,3291,IIDA GROUP HOLDINGS CO LTD,3291,JPY
41,Share,5949,UNIPRES CORP,5949,JPY
42,Share,6630,YA-MAN LTD,6630,JPY
43,Share,8283,PALTAC CORPORATION,8283,JPY
44,Share,6588,TOSHIBA TEC CORP,6588,JPY
45,Share,3050,DCM HOLDINGS CO LTD,3050,JPY
46,Share,2170,LINK AND MOTIVATION INC,2170,JPY
47,Share,9474,ZENRIN CO LTD,9474,JPY
48,Share,5232,SUMITOMO OSAKA CEMENT CO LTD,5232,JPY
49,Share,3156,RESTAR HOLDINGS CORP,3156,JPY
50,Share,3201,JAPAN WOOL TEXTILE CO LTD,3201,JPY
51,Share,2337,ICHIGO INC,2337,JPY
52,Share,7917,FUJIMORI KOGYO CO LTD,7917,JPY
53,Share,2760,TOKYO ELECTRON DEVICE LTD,2760,JPY
54,Share,5108,BRIDGESTONE CORP,5108,JPY
55,Share,2371,KAKAKU.COM INC,2371,JPY
56,Share,7327,DAISHI HOKUETSU FINANCIAL GR,7327,JPY
57,Share,3309,SEKISUI HOUSE REIT INC,3309,JPY
58,Share,1890,TOYO CONSTRUCTION CO LTD,1890,JPY
59,Share,5938,LIXIL CORP,5938,JPY
60,Share,3088,MATSUKIYOCOCOKARA & CO,3088,JPY
61,Share,8424,FUYO GENERAL LEASE CO LTD,8424,JPY
62,Share,7267,HONDA MOTOR CO LTD,7267,JPY
63,Share,3932,AKATSUKI INC,3932,JPY
64,Share,2269,MEIJI HOLDINGS CO LTD,2269,JPY
65,Share,2931,EUGLENA CO LTD,2931,JPY
66,Share,2579,COCA-COLA BOTTLERS JAPAN HOL,2579,JPY
67,Share,6465,HOSHIZAKI CORP,6465,JPY
68,Share,1419,TAMA HOME CO LTD,1419,JPY
69,Share,6104,SHIBAURA MACHINE CO LTD,6104,JPY
70,Share,1963,JGC HOLDINGS CORP,1963,JPY
71,Share,2972,SANKEI REAL ESTATE INC,2972,JPY
72,Share,4553,TOWA PHARMACEUTICAL CO LTD,4553,JPY
73,Share,4544,H.U. GROUP HOLDINGS INC,4544,JPY
74,Share,2501,SAPPORO HOLDINGS LTD,2501,JPY
75,Share,9749,FUJI SOFT INC,9749,JPY
76,Share,2222,KOTOBUKI SPIRITS CO LTD,2222,JPY
77,Share,4385,MERCARI INC,4385,JPY
78,Share,8963,INVINCIBLE INVESTMENT CORP,8963,JPY
79,Share,4922,KOSE CORP,4922,JPY
80,Share,4478,FREEE KK,4478,JPY
81,Share,8524,NORTH PACIFIC BANK LTD,8524,JPY
82,Share,2160,GNI GROUP LTD,2160,JPY
83,Share,4768,OTSUKA CORP,4768,JPY
84,Share,6914,OPTEX GROUP CO LTD,6914,JPY
85,Share,9692,COMPUTER ENGINEER & CONSULT,9692,JPY
86,Share,7747,ASAHI INTECC CO LTD,7747,JPY
87,Share,7205,HINO MOTORS LTD,7205,JPY
88,Share,2871,NICHIREI CORP,2871,JPY
89,Share,7167,MEBUKI FINANCIAL GROUP INC,7167,JPY
90,Share,7762,CITIZEN WATCH CO LTD,7762,JPY
91,Share,3962,CHANGE HOLDINGS INC,3962,JPY
92,Share,1321,NF NIKKEI 225 ETF,1321,JPY
93,Share,4523,EISAI CO LTD,4523,JPY
94,Share,8818,KEIHANSHIN BUILDING CO LTD,8818,JPY
95,Share,2282,NH FOODS LTD,2282,JPY
96,Share,4368,FUSO CHEMICAL CO LTD,4368,JPY
97,Share,7518,NET ONE SYSTEMS CO LTD,7518,JPY
98,Share,1926,RAITO KOGYO CO LTD,1926,JPY
99,Share,3106,KURABO INDUSTRIES LTD,3106,JPY
100,Share,8056,BIPROGY INC,8056,JPY
101,Share,9401,TBS HOLDINGS INC,9401,JPY
102,Share,1951,EXEO GROUP INC,1951,JPY
103,Share,9202,ANA HOLDINGS INC,9202,JPY
104,Share,2001,NIPPN CORP,2001,JPY
105,Share,2109,MITSUI DM SUGAR HOLDINGS CO,2109,JPY
106,Share,1766,TOKEN CORP,1766,JPY
107,Share,8871,GOLDCREST CO LTD,8871,JPY
108,Share,8956,NTT UD REIT INVESTMENT CORP,8956,JPY
109,Share,8154,KAGA ELECTRONICS CO LTD,8154,JPY
110,Share,3141,WELCIA HOLDINGS CO LTD,3141,JPY
111,Share,1330,NIKKO ETF - NKY 225,1330,JPY
112,Share,2296,ITOHAM YONEKYU HOLDINGS INC,2296,JPY
113,Share,2002,NISSHIN SEIFUN GROUP INC,2002,JPY
114,Share,1332,NISSUI CORP,1332,JPY
115,Share,7545,NISHIMATSUYA CHAIN CO LTD,7545,JPY
116,Share,5411,JFE HOLDINGS INC,5411,JPY
117,Share,8111,GOLDWIN INC,8111,JPY
118,Share,1379,HOKUTO CORP,1379,JPY
119,Share,8714,SENSHU IKEDA HOLDINGS INC,8714,JPY
120,Share,4661,ORIENTAL LAND CO LTD,4661,JPY
121,Share,6770,ALPS ALPINE CO LTD,6770,JPY
122,Share,5444,YAMATO KOGYO CO LTD,5444,JPY
123,Share,7976,MITSUBISHI PENCIL CO LTD,7976,JPY
124,Share,6273,SMC CORP,6273,JPY
125,Share,3064,MONOTARO CO LTD,3064,JPY
126,Share,9468,KADOKAWA CORP,9468,JPY
127,Share,3632,GREE INC,3632,JPY
128,Share,7718,STAR MICRONICS CO LTD,7718,JPY
129,Share,9984,SOFTBANK GROUP CORP,9984,JPY
130,Share,8410,SEVEN BANK LTD,8410,JPY
131,Share,6651,NITTO KOGYO CORP,6651,JPY
132,Share,3405,KURARAY CO LTD,3405,JPY
133,Share,2281,PRIMA MEAT PACKERS LTD,2281,JPY
134,Share,1861,KUMAGAI GUMI CO LTD,1861,JPY
135,Share,7189,NISHI-NIPPON FINANCIAL HOLDI,7189,JPY
136,Share,3038,KOBE BUSSAN CO LTD,3038,JPY
137,Share,1973,NEC NETWORKS & SYSTEM INTEGR,1973,JPY
138,Share,8630,SOMPO HOLDINGS INC,8630,JPY
139,Share,2980,SRE HOLDINGS CORP,2980,JPY
140,Share,6407,CKD CORPORATION,6407,JPY
141,Share,7912,DAI NIPPON PRINTING CO LTD,7912,JPY
142,Share,6859,ESPEC CORP,6859,JPY
143,Share,8074,YUASA TRADING CO LTD,8074,JPY
144,Share,3635,KOEI TECMO HOLDINGS CO LTD,3635,JPY
145,Share,6908,IRISO ELECTRONICS CO LTD,6908,JPY
146,Share,4634,ARTIENCE CO LTD,4634,JPY
147,Share,8097,SAN-AI OBBLI CO LTD,8097,JPY
148,Share,6996,NICHICON CORP,6996,JPY
149,Share,4547,KISSEI PHARMACEUTICAL CO LTD,4547,JPY
150,Share,3087,DOUTOR NICHIRES HOLDINGS CO,3087,JPY
151,Share,5192,MITSUBOSHI BELTING LTD,5192,JPY
152,Share,5703,NIPPON LIGHT METAL HOLDINGS,5703,JPY
153,Share,9502,CHUBU ELECTRIC POWER CO INC,9502,JPY
154,Share,8725,MS&AD INSURANCE GROUP HOLDIN,8725,JPY
155,Share,8377,HOKUHOKU FINANCIAL GROUP INC,8377,JPY
156,Share,7003,MITSUI E&S CO LTD,7003,JPY
157,Share,7826,FURUYA METAL CO LTD,7826,JPY
158,Share,4047,KANTO DENKA KOGYO CO LTD,4047,JPY
159,Share,4348,INFOCOM CORP,4348,JPY
160,Share,7984,KOKUYO CO LTD,7984,JPY
161,Share,5706,MITSUI MINING & SMELTING CO,5706,JPY
162,Share,2802,AJINOMOTO CO INC,2802,JPY
163,Share,8972,KDX REALTY INVESTMENT CORP,8972,JPY
164,Share,8233,TAKASHIMAYA CO LTD,8233,JPY
165,Share,6098,RECRUIT HOLDINGS CO LTD,6098,JPY
166,Share,1475,ISHARES CORE TOPIX ETF,1475,JPY
167,Share,3092,ZOZO INC,3092,JPY
168,Share,1878,DAITO TRUST CONSTRUCT CO LTD,1878,JPY
169,Share,3673,BROADLEAF CO LTD,3673,JPY
170,Share,4485,JTOWER INC,4485,JPY
171,Share,8923,TOSEI CORP,8923,JPY
172,Share,7593,VT HOLDINGS CO LTD,7593,JPY
173,Share,6103,OKUMA CORP,6103,JPY
174,Share,6861,KEYENCE CORP,6861,JPY
175,Share,7717,V TECHNOLOGY CO LTD,7717,JPY
176,Share,8388,AWA BANK LTD/THE,8388,JPY
177,Share,8381,SAN-IN GODO BANK LTD/THE,8381,JPY
178,Share,4549,EIKEN CHEMICAL CO LTD,4549,JPY
179,Share,2484,DEMAE-CAN CO LTD,2484,JPY
180,Share,4293,SEPTENI HOLDINGS CO LTD,4293,JPY
181,Share,9987,SUZUKEN CO LTD,9987,JPY
182,Share,8035,TOKYO ELECTRON LTD,8035,JPY
183,Share,2695,KURA SUSHI INC,2695,JPY
184,Share,6976,TAIYO YUDEN CO LTD,6976,JPY
185,Share,6035,IR JAPAN HOLDINGS LTD,6035,JPY
186,Share,4587,PEPTIDREAM INC,4587,JPY
187,Share,4519,CHUGAI PHARMACEUTICAL CO LTD,4519,JPY
188,Share,7716,NAKANISHI INC,7716,JPY
189,Share,9143,SG HOLDINGS CO LTD,9143,JPY
190,Share,3762,TECHMATRIX CORPORATION,3762,JPY
191,Share,9602,TOHO CO LTD,9602,JPY
192,Share,1808,HASEKO CORP,1808,JPY
193,Share,9832,AUTOBACS SEVEN CO LTD,9832,JPY
194,Share,8522,BANK OF NAGOYA LTD/THE,8522,JPY
195,Share,6269,MODEC INC,6269,JPY
196,Share,8078,HANWA CO LTD,8078,JPY
197,Share,6301,KOMATSU LTD,6301,JPY
198,Share,6856,HORIBA LTD,6856,JPY
199,Share,1959,KYUDENKO CORP,1959,JPY
200,Share,8282,K'S HOLDINGS CORP,8282,JPY
201,Share,8253,CREDIT SAISON CO LTD,8253,JPY
202,Share,4534,MOCHIDA PHARMACEUTICAL CO,4534,JPY
203,Share,4633,SAKATA INX CORP,4633,JPY
204,Share,8897,MIRARTH HOLDINGS INC,8897,JPY
205,Share,8955,JAPAN PRIME REALTY INVESTMEN,8955,JPY
206,Share,9928,MIROKU JYOHO SERVICE CO LTD,9928,JPY
207,Share,4958,T HASEGAWA CO LTD,4958,JPY
208,Share,8966,HEIWA REAL ESTATE REIT INC,8966,JPY
209,Share,9974,BELC CO LTD,9974,JPY
210,Share,2427,OUTSOURCING INC,2427,JPY
211,Share,6890,FERROTEC HOLDINGS CORP,6890,JPY
212,Share,3993,PKSHA TECHNOLOGY INC,3993,JPY
213,Share,8227,SHIMAMURA CO LTD,8227,JPY
214,Share,6966,MITSUI HIGH-TEC INC,6966,JPY
215,Share,8850,STARTS CORP INC,8850,JPY
216,Share,9470,GAKKEN HOLDINGS CO LTD,9470,JPY
217,Share,4290,PRESTIGE INTERNATIONAL INC,4290,JPY
218,Share,1944,KINDEN CORP,1944,JPY
219,Share,5702,DAIKI ALUMINIUM INDUSTRY CO,5702,JPY
220,Share,4202,DAICEL CORP,4202,JPY
221,Share,8795,T&D HOLDINGS INC,8795,JPY
222,Share,6113,AMADA CO LTD,6113,JPY
223,Share,3914,JIG-SAW INC,3914,JPY
224,Share,2150,"CARENET, INC.",2150,JPY
225,Share,6951,JEOL LTD,6951,JPY
226,Share,3076,AI HOLDINGS CORP,3076,JPY
227,Share,6370,KURITA WATER INDUSTRIES LTD,6370,JPY
228,Share,1820,NISHIMATSU CONSTRUCTION CO,1820,JPY
229,Share,6101,TSUGAMI CORP,6101,JPY
230,Share,3046,JINS HOLDINGS INC,3046,JPY
231,Share,8986,DAIWA SECURITIES LIVING INVE,8986,JPY
232,Share,8905,AEON MALL CO LTD,8905,JPY
233,Share,8425,MIZUHO LEASING CO LTD,8425,JPY
234,Share,4722,FUTURE CORP,4722,JPY
235,Share,5019,IDEMITSU KOSAN CO LTD,5019,JPY
236,Share,8411,MIZUHO FINANCIAL GROUP INC,8411,JPY
237,Share,4206,AICA KOGYO CO LTD,4206,JPY
238,Share,6425,UNIVERSAL ENTERTAINMENT CORP,6425,JPY
239,Share,4676,FUJI MEDIA HOLDINGS INC,4676,JPY
240,Share,7246,PRESS KOGYO CO LTD,7246,JPY
241,Share,9511,OKINAWA ELECTRIC POWER CO,9511,JPY
242,Share,4569,KYORIN PHARMACEUTICAL CO LTD,4569,JPY
243,Share,4005,SUMITOMO CHEMICAL CO LTD,4005,JPY
244,Share,9364,KAMIGUMI CO LTD,9364,JPY
245,Share,7105,MITSUBISHI LOGISNEXT CO LTD,7105,JPY
246,Share,4046,OSAKA SODA CO LTD,4046,JPY
247,Share,7180,KYUSHU FINANCIAL GROUP INC,7180,JPY
248,Share,8179,ROYAL HOLDINGS CO LTD,8179,JPY
249,Share,8088,IWATANI CORP,8088,JPY
250,Share,4631,DIC CORP,4631,JPY
251,Share,5857,ARE HOLDINGS INC,5857,JPY
252,Share,8876,RELO GROUP INC,8876,JPY
253,Share,1333,MARUHA NICHIRO CORP,1333,JPY
254,Share,5714,DOWA HOLDINGS CO LTD,5714,JPY
255,Share,8113,UNICHARM CORP,8113,JPY
256,Share,7780,MENICON CO LTD,7780,JPY
257,Share,9069,SENKO GROUP HOLDINGS CO LTD,9069,JPY
258,Share,7421,KAPPA CREATE CO LTD,7421,JPY
259,Share,7224,SHINMAYWA INDUSTRIES LTD,7224,JPY
260,Share,6289,GIKEN LTD,6289,JPY
261,Share,1835,TOTETSU KOGYO CO LTD,1835,JPY
262,Share,9948,ARCS CO LTD,9948,JPY
263,Share,4551,TORII PHARMACEUTICAL CO LTD,4551,JPY
264,Share,2503,KIRIN HOLDINGS CO LTD,2503,JPY
265,Share,9039,SAKAI MOVING SERVICE CO LTD,9039,JPY
266,Share,9006,KEIKYU CORP,9006,JPY
267,Share,3287,HOSHINO RESORTS REIT INC,3287,JPY
268,Share,4431,SMAREGI INC,4431,JPY
269,Share,3048,BIC CAMERA INC,3048,JPY
270,Share,6963,ROHM CO LTD,6963,JPY
271,Share,4919,MILBON CO LTD,4919,JPY
272,Share,8031,MITSUI & CO LTD,8031,JPY
273,Share,5831,SHIZUOKA FINANCIAL GROUP INC,5831,JPY
274,Share,7220,MUSASHI SEIMITSU INDUSTRY CO,7220,JPY
275,Share,3296,NIPPON REIT INVESTMENT CORP,3296,JPY
276,Share,7821,"MAEDA KOSEN CO., LTD",7821,JPY
277,Share,7832,BANDAI NAMCO HOLDINGS INC,7832,JPY
278,Share,6501,HITACHI LTD,6501,JPY
279,Share,6062,CHARM CARE CORP,6062,JPY
280,Share,6028,TECHNOPRO HOLDINGS INC,6028,JPY
281,Share,4183,MITSUI CHEMICALS INC,4183,JPY
282,Share,6472,NTN CORP,6472,JPY
283,Share,3994,MONEY FORWARD INC,3994,JPY
284,Share,6645,OMRON CORP,6645,JPY
285,Share,8366,SHIGA BANK LTD/THE,8366,JPY
286,Share,2146,UT GROUP CO LTD,2146,JPY
287,Share,6954,FANUC CORP,6954,JPY
288,Share,1615,NF TOPIX BANKS ETF,1615,JPY
289,Share,9519,RENOVA INC,9519,JPY
290,Share,5991,NHK SPRING CO LTD,5991,JPY
291,Share,7613,SIIX CORPORATION,7613,JPY
292,Share,8136,SANRIO CO LTD,8136,JPY
293,Share,4151,KYOWA KIRIN CO LTD,4151,JPY
294,Share,6995,TOKAI RIKA CO LTD,6995,JPY
295,Share,6768,TAMURA CORP,6768,JPY
296,Share,5851,RYOBI LTD,5851,JPY
297,Share,2733,ARATA CORP,2733,JPY
298,Share,9744,MEITEC GROUP HOLDINGS INC,9744,JPY
299,Share,1911,SUMITOMO FORESTRY CO LTD,1911,JPY
300,Share,2212,YAMAZAKI BAKING CO LTD,2212,JPY
301,Share,7313,TS TECH CO LTD,7313,JPY
302,Share,2326,DIGITAL ARTS INC,2326,JPY
303,Share,6080,M&A CAPITAL PARTNERS CO LTD,6080,JPY
304,Share,6197,SOLASTO CORP,6197,JPY
305,Share,4548,SEIKAGAKU CORP,4548,JPY
306,Share,3282,COMFORIA RESIDENTIAL REIT IN,3282,JPY
307,Share,9684,SQUARE ENIX HOLDINGS CO LTD,9684,JPY
308,Share,5333,NGK INSULATORS LTD,5333,JPY
309,Share,5273,MITANI SEKISAN CO LTD,5273,JPY
310,Share,1721,COMSYS HOLDINGS CORP,1721,JPY
311,Share,2670,ABC-MART INC,2670,JPY
312,Share,3465,KI-STAR REAL ESTATE CO LTD,3465,JPY
313,Share,8953,JAPAN METROPOLITAN FUND INVE,8953,JPY
314,Share,7412,ATOM CORP,7412,JPY
315,Share,8771,EGUARANTEE INC,8771,JPY
316,Share,9531,TOKYO GAS CO LTD,9531,JPY
317,Share,4475,HENNGE KK,4475,JPY
318,Share,8252,MARUI GROUP CO LTD,8252,JPY
319,Share,3360,SHIP HEALTHCARE HOLDINGS INC,3360,JPY
320,Share,8174,NIPPON GAS CO LTD,8174,JPY
321,Share,7282,TOYODA GOSEI CO LTD,7282,JPY
322,Share,3387,CREATE RESTAURANTS HOLDINGS,3387,JPY
323,Share,6436,AMANO CORP,6436,JPY
324,Share,3549,KUSURI NO AOKI HOLDINGS CO L,3549,JPY
325,Share,6701,NEC CORPORATION,6701,JPY
326,Share,3105,NISSHINBO HOLDINGS INC,3105,JPY
327,Share,2782,SERIA CO LTD,2782,JPY
328,Share,9003,SOTETSU HOLDINGS INC,9003,JPY
329,Share,8015,TOYOTA TSUSHO CORP,8015,JPY
330,Share,8968,FUKUOKA REIT CORPORATION,8968,JPY
331,Share,9412,SKY PERFECT JSAT HOLDINGS,9412,JPY
332,Share,8016,ONWARD HOLDINGS CO LTD,8016,JPY
333,Share,4023,KUREHA CORP,4023,JPY
334,Share,2327,NS SOLUTIONS CORP,2327,JPY
335,Share,7733,OLYMPUS CORP,7733,JPY
336,Share,9041,KINTETSU GROUP HOLDINGS CO L,9041,JPY
337,Share,3591,WACOAL HOLDINGS CORP,3591,JPY
338,Share,7211,MITSUBISHI MOTORS CORP,7211,JPY
339,Share,9020,EAST JAPAN RAILWAY CO,9020,JPY
340,Share,8604,NOMURA HOLDINGS INC,8604,JPY
341,Share,4204,SEKISUI CHEMICAL CO LTD,4204,JPY
342,Share,9042,HANKYU HANSHIN HOLDINGS INC,9042,JPY
343,Share,4694,BML INC,4694,JPY
344,Share,3295,HULIC REIT INC,3295,JPY
345,Share,7278,EXEDY CORP,7278,JPY
346,Share,7250,PACIFIC INDUSTRIAL CO LTD,7250,JPY
347,Share,2531,TAKARA HOLDINGS INC,2531,JPY
348,Share,3738,T-GAIA CORP,3738,JPY
349,Share,2413,M3 INC,2413,JPY
350,Share,5332,TOTO LTD,5332,JPY
351,Share,7516,KOHNAN SHOJI CO LTD,7516,JPY
352,Share,4062,IBIDEN CO LTD,4062,JPY
353,Share,7564,WORKMAN CO LTD,7564,JPY
354,Share,2331,SOHGO SECURITY SERVICES CO,2331,JPY
355,Share,5214,NIPPON ELECTRIC GLASS CO LTD,5214,JPY
356,Share,3636,MITSUBISHI RESEARCH INSTITUT,3636,JPY
357,Share,4502,TAKEDA PHARMACEUTICAL CO LTD,4502,JPY
358,Share,6183,BELLSYSTEM24 HOLDINGS INC,6183,JPY
359,Share,7508,G-7 HOLDINGS INC,7508,JPY
360,Share,6498,KITZ CORP,6498,JPY
361,Share,6027,BENGO4.COM INC,6027,JPY
362,Share,7701,SHIMADZU CORP,7701,JPY
363,Share,8358,SURUGA BANK LTD,8358,JPY
364,Share,8585,ORIENT CORP,8585,JPY
365,Share,2127,NIHON M&A CENTER HOLDINGS IN,2127,JPY
366,Share,2121,MIXI INC,2121,JPY
367,Share,3349,COSMOS PHARMACEUTICAL CORP,3349,JPY
368,Share,4194,VISIONAL INC,4194,JPY
369,Share,9783,BENESSE HOLDINGS INC,9783,JPY
370,Share,1822,DAIHO CORP,1822,JPY
371,Share,7744,NORITSU KOKI CO LTD,7744,JPY
372,Share,5726,OSAKA TITANIUM TECHNOLOGIES,5726,JPY
373,Share,7309,SHIMANO INC,7309,JPY
374,Share,7595,ARGO GRAPHICS INC,7595,JPY
375,Share,4613,KANSAI PAINT CO LTD,4613,JPY
376,Share,8130,SANGETSU CORP,8130,JPY
377,Share,4776,CYBOZU INC,4776,JPY
378,Share,4849,EN JAPAN INC,4849,JPY
379,Share,4384,RAKSUL INC,4384,JPY
380,Share,7550,ZENSHO HOLDINGS CO LTD,7550,JPY
381,Share,2004,SHOWA SANGYO CO LTD,2004,JPY
382,Share,4971,MEC CO LTD,4971,JPY
383,Share,9706,JAPAN AIRPORT TERMINAL CO,9706,JPY
384,Share,1942,KANDENKO CO LTD,1942,JPY
385,Share,3468,STAR ASIA INVESTMENT CORPORA,3468,JPY
386,Share,4432,WINGARC1ST INC,4432,JPY
387,Share,6222,SHIMA SEIKI MFG LTD,6222,JPY
388,Share,5020,ENEOS HOLDINGS INC,5020,JPY
389,Share,1833,OKUMURA CORP,1833,JPY
390,Share,6432,TAKEUCHI MFG CO LTD,6432,JPY
391,Share,1812,KAJIMA CORP,1812,JPY
392,Share,4506,SUMITOMO PHARMA CO LTD,4506,JPY
393,Share,7867,TOMY COMPANY LTD,7867,JPY
394,Share,9031,NISHI-NIPPON RAILROAD CO LTD,9031,JPY
395,Share,4189,KH NEOCHEM CO LTD,4189,JPY
396,Share,8418,YAMAGUCHI FINANCIAL GROUP IN,8418,JPY
397,Share,6460,SEGA SAMMY HOLDINGS INC,6460,JPY
398,Share,2264,MORINAGA MILK INDUSTRY CO,2264,JPY
399,Share,8439,TOKYO CENTURY CORP,8439,JPY
400,Share,6136,OSG CORP,6136,JPY
401,Share,4966,C UYEMURA & CO LTD,4966,JPY
402,Share,6902,DENSO CORP,6902,JPY
403,Share,7974,NINTENDO CO LTD,7974,JPY
404,Share,5463,MARUICHI STEEL TUBE LTD,5463,JPY
405,Share,5801,FURUKAWA ELECTRIC CO LTD,5801,JPY
406,Share,6965,HAMAMATSU PHOTONICS KK,6965,JPY
407,Share,8803,HEIWA REAL ESTATE CO LTD,8803,JPY
408,Share,8952,JAPAN REAL ESTATE INVESTMENT,8952,JPY
409,Share,4182,MITSUBISHI GAS CHEMICAL CO,4182,JPY
410,Share,4581,TAISHO PHARMACEUTICAL HOLDIN,4581,JPY
411,Share,4901,FUJIFILM HOLDINGS CORP,4901,JPY
412,Share,8985,JAPAN HOTEL REIT INVESTMENT,8985,JPY
413,Share,4626,TAIYO HOLDINGS CO LTD,4626,JPY
414,Share,8954,ORIX JREIT INC.,8954,JPY
415,Share,7730,MANI INC,7730,JPY
416,Share,9983,FAST RETAILING CO LTD,9983,JPY
417,Share,6806,HIROSE ELECTRIC CO LTD,6806,JPY
418,Share,7270,SUBARU CORP,7270,JPY
419,Share,4063,SHIN-ETSU CHEMICAL CO LTD,4063,JPY
420,Share,6670,MCJ CO LTD,6670,JPY
421,Share,8566,RICOH LEASING CO LTD,8566,JPY
422,Share,6366,CHIYODA CORP,6366,JPY
423,Share,6480,NIPPON THOMPSON CO LTD,6480,JPY
424,Share,9616,KYORITSU MAINTENANCE CO LTD,9616,JPY
425,Share,6413,RISO KAGAKU CORP,6413,JPY
426,Share,5301,TOKAI CARBON CO LTD,5301,JPY
427,Share,7458,DAIICHIKOSHO CO LTD,7458,JPY
428,Share,3231,NOMURA REAL ESTATE HOLDINGS,3231,JPY
429,Share,8173,JOSHIN DENKI CO LTD,8173,JPY
430,Share,2897,NISSIN FOODS HOLDINGS CO LTD,2897,JPY
431,Share,9147,NIPPON EXPRESS HOLDINGS INC,9147,JPY
432,Share,1801,TAISEI CORP,1801,JPY
433,Share,6871,MICRONICS JAPAN CO LTD,6871,JPY
434,Share,6486,EAGLE INDUSTRY CO LTD,6486,JPY
435,Share,4848,FULLCAST HOLDINGS CO LTD,4848,JPY
436,Share,9503,KANSAI ELECTRIC POWER CO INC,9503,JPY
437,Share,6753,SHARP CORP,6753,JPY
438,Share,6383,DAIFUKU CO LTD,6383,JPY
439,Share,6340,SHIBUYA CORPORATION,6340,JPY
440,Share,8957,"TOKYU REIT, INC.",8957,JPY
441,Share,9663,NAGAWA CO LTD,9663,JPY
442,Share,8572,ACOM CO LTD,8572,JPY
443,Share,2593,ITO EN LTD,2593,JPY
444,Share,1941,CHUDENKO CORP,1941,JPY
445,Share,5423,TOKYO STEEL MFG CO LTD,5423,JPY
446,Share,7994,OKAMURA CORP,7994,JPY
447,Share,8473,SBI HOLDINGS INC,8473,JPY
448,Share,4912,LION CORP,4912,JPY
449,Share,7846,PILOT CORP,7846,JPY
450,Share,6143,SODICK CO LTD,6143,JPY
451,Share,3493,ADVANCE LOGISTICS INVESTMENT,3493,JPY
452,Share,8976,DAIWA OFFICE INVESTMENT CORP,8976,JPY
453,Share,4543,TERUMO CORP,4543,JPY
454,Share,3612,WORLD CO LTD,3612,JPY
455,Share,6586,MAKITA CORP,6586,JPY
456,Share,6420,FUKUSHIMA GALILEI CO LTD,6420,JPY
457,Share,4716,ORACLE CORP JAPAN,4716,JPY
458,Share,8595,JAFCO GROUP CO LTD,8595,JPY
459,Share,6516,SANYO DENKI CO LTD,6516,JPY
460,Share,2587,SUNTORY BEVERAGE & FOOD LTD,2587,JPY
461,Share,7240,NOK CORP,7240,JPY
462,Share,9104,MITSUI OSK LINES LTD,9104,JPY
463,Share,5451,YODOGAWA STEEL WORKS LTD,5451,JPY
464,Share,2809,KEWPIE CORP,2809,JPY
465,Share,9715,TRANSCOSMOS INC,9715,JPY
466,Share,3978,MACROMILL INC,3978,JPY
467,Share,9037,HAMAKYOREX CO LTD,9037,JPY
468,Share,9409,TV ASAHI HOLDINGS CORP,9409,JPY
469,Share,8570,AEON FINANCIAL SERVICE CO LT,8570,JPY
470,Share,8053,SUMITOMO CORP,8053,JPY
471,Share,8140,RYOSAN CO LTD,8140,JPY
472,Share,7735,SCREEN HOLDINGS CO LTD,7735,JPY
473,Share,3451,TOSEI REIT INVESTMENT CORP,3451,JPY
474,Share,6737,EIZO CORP,6737,JPY
475,Share,2154,OPEN UP GROUP INC,2154,JPY
476,Share,3543,KOMEDA HOLDINGS CO LTD,3543,JPY
477,Share,6287,SATO HOLDINGS CORP,6287,JPY
478,Share,7173,TOKYO KIRABOSHI FINANCIAL GR,7173,JPY
479,Share,1346,MAXIS NIKKEI 225 ETF,1346,JPY
480,Share,3289,TOKYU FUDOSAN HOLDINGS CORP,3289,JPY
481,Share,2659,SAN-A CO LTD,2659,JPY
482,Share,9507,SHIKOKU ELECTRIC POWER CO,9507,JPY
483,Share,8276,HEIWADO CO LTD,8276,JPY
484,Share,9989,SUNDRUG CO LTD,9989,JPY
485,Share,6592,MABUCHI MOTOR CO LTD,6592,JPY
486,Share,6479,MINEBEA MITSUMI INC,6479,JPY
487,Share,4369,TRI CHEMICAL LABORATORIES IN,4369,JPY
488,Share,4684,OBIC CO LTD,4684,JPY
489,Share,5331,NORITAKE CO LTD,5331,JPY
490,Share,7164,ZENKOKU HOSHO CO LTD,7164,JPY
491,Share,8200,RINGER HUT CO LTD,8200,JPY
492,Share,7012,KAWASAKI HEAVY INDUSTRIES,7012,JPY
493,Share,9303,SUMITOMO WAREHOUSE CO LTD,9303,JPY
494,Share,6703,OKI ELECTRIC INDUSTRY CO LTD,6703,JPY
495,Share,6999,KOA CORPORATION,6999,JPY
496,Share,6412,HEIWA CORP,6412,JPY
497,Share,9075,FUKUYAMA TRANSPORTING CO LTD,9075,JPY
498,Share,5805,SWCC CORP,5805,JPY
499,Share,5711,MITSUBISHI MATERIALS CORP,5711,JPY
500,Share,6810,MAXELL LTD,6810,JPY
501,Share,2811,KAGOME CO LTD,2811,JPY
502,Share,8001,ITOCHU CORP,8001,JPY
503,Share,2206,EZAKI GLICO CO LTD,2206,JPY
504,Share,6632,JVCKENWOOD CORP,6632,JPY
505,Share,5943,NORITZ CORP,5943,JPY
506,Share,9076,SEINO HOLDINGS CO LTD,9076,JPY
507,Share,3433,TOCALO CO LTD,3433,JPY
508,Share,2801,KIKKOMAN CORP,2801,JPY
509,Share,6145,NITTOKU CO LTD,6145,JPY
510,Share,1407,WEST HOLDINGS CORP,1407,JPY
511,Share,4449,GIFTEE INC,4449,JPY
512,Share,8919,KATITAS CO LTD,8919,JPY
513,Share,4536,SANTEN PHARMACEUTICAL CO LTD,4536,JPY
514,Share,3865,HOKUETSU CORP,3865,JPY
515,Share,6728,ULVAC INC,6728,JPY
516,Share,9603,H I S CO LTD,9603,JPY
517,Share,3563,FOOD & LIFE COMPANIES LTD,3563,JPY
518,Share,9022,CENTRAL JAPAN RAILWAY CO,9022,JPY
519,Share,7198,SBI ARUHI CORP,7198,JPY
520,Share,2767,TSUBURAYA FIELDS HOLDINGS IN,2767,JPY
521,Share,3492,TAKARA LEBEN REAL ESTATE INV,3492,JPY
522,Share,3222,UNITED SUPER MARKETS HOLDING,3222,JPY
523,Share,8281,XEBIO HOLDINGS CO LTD,8281,JPY
524,Share,4732,USS CO LTD,4732,JPY
525,Share,2930,KITANOTATSUJIN CORP,2930,JPY
526,Share,9934,INABA DENKI SANGYO CO LTD,9934,JPY
527,Share,3844,COMTURE CORP,3844,JPY
528,Share,6866,HIOKI E E CORP,6866,JPY
529,Share,2267,YAKULT HONSHA CO LTD,2267,JPY
530,Share,8511,JAPAN SECURITIES FINANCE CO,8511,JPY
531,Share,6395,TADANO LTD,6395,JPY
532,Share,4902,KONICA MINOLTA INC,4902,JPY
533,Share,4686,JUSTSYSTEMS CORP,4686,JPY
534,Share,6752,PANASONIC HOLDINGS CORP,6752,JPY
535,Share,8219,AOYAMA TRADING CO LTD,8219,JPY
536,Share,7839,SHOEI CO LTD,7839,JPY
537,Share,3593,HOGY MEDICAL CO LTD,3593,JPY
538,Share,8114,DESCENTE LTD,8114,JPY
539,Share,7936,ASICS CORP,7936,JPY
540,Share,9861,YOSHINOYA HOLDINGS CO LTD,9861,JPY
541,Share,4928,NOEVIR HOLDING CO,4928,JPY
542,Share,7148,FINANCIAL PARTNERS GROUP,7148,JPY
543,Share,7915,NISSHA CO LTD,7915,JPY
544,Share,7337,HIROGIN HOLDINGS INC,7337,JPY
545,Share,8194,LIFE CORP.,8194,JPY
546,Share,7988,NIFCO INC,7988,JPY
547,Share,9021,WEST JAPAN RAILWAY CO,9021,JPY
548,Share,3116,TOYOTA BOSHOKU CORP,3116,JPY
549,Share,6200,INSOURCE CO LTD,6200,JPY
550,Share,6250,YAMABIKO CORP,6250,JPY
551,Share,6762,TDK CORPORATION,6762,JPY
552,Share,9601,SHOCHIKU CO LTD,9601,JPY
553,Share,7532,PAN PACIFIC INTERNATIONAL HO,7532,JPY
554,Share,3101,TOYOBO CO LTD,3101,JPY
555,Share,9301,MITSUBISHI LOGISTICS CORP,9301,JPY
556,Share,6920,LASERTEC CORP,6920,JPY
557,Share,9416,VISION INC/TOKYO JAPAN,9416,JPY
558,Share,9065,SANKYU INC,9065,JPY
559,Share,4568,DAIICHI SANKYO CO LTD,4568,JPY
560,Share,6135,MAKINO MILLING MACHINE CO,6135,JPY
561,Share,9267,GENKY DRUGSTORES CO LTD,9267,JPY
562,Share,9697,CAPCOM CO LTD,9697,JPY
563,Share,7911,TOPPAN HOLDINGS INC,7911,JPY
564,Share,3391,TSURUHA HOLDINGS INC,3391,JPY
565,Share,2607,FUJI OIL HOLDINGS INC,2607,JPY
566,Share,9110,NS UNITED KAIUN KAISHA LTD,9110,JPY
567,Share,7296,FCC CO LTD,7296,JPY
568,Share,3244,SAMTY CO LTD,3244,JPY
569,Share,8964,FRONTIER REAL ESTATE INVEST,8964,JPY
570,Share,4507,SHIONOGI & CO LTD,4507,JPY
571,Share,6754,ANRITSU CORP,6754,JPY
572,Share,6997,NIPPON CHEMI-CON CORP,6997,JPY
573,Share,4704,TREND MICRO INC,4704,JPY
574,Share,3861,OJI HOLDINGS CORP,3861,JPY
575,Share,7741,HOYA CORPORATION,7741,JPY
576,Share,4021,NISSAN CHEMICAL CORP,4021,JPY
577,Share,5201,AGC INC,5201,JPY
578,Share,3269,ADVANCE RESIDENCE INVESTMENT,3269,JPY
579,Share,4483,JMDC INC,4483,JPY
580,Share,3697,SHIFT INC,3697,JPY
581,Share,8361,OGAKI KYORITSU BANK LTD/THE,8361,JPY
582,Share,9793,DAISEKI CO LTD,9793,JPY
583,Share,4680,ROUND ONE CORP,4680,JPY
584,Share,9613,NTT DATA GROUP CORP,9613,JPY
585,Share,4714,RISO KYOIKU CO LTD,4714,JPY
586,Share,4185,JSR CORP,4185,JPY
587,Share,8802,MITSUBISHI ESTATE CO LTD,8802,JPY
588,Share,9505,HOKURIKU ELECTRIC POWER CO,9505,JPY
589,Share,6787,MEIKO ELECTRONICS CO LTD,6787,JPY
590,Share,3107,DAIWABO HOLDINGS CO LTD,3107,JPY
591,Share,7966,LINTEC CORP,7966,JPY
592,Share,8316,SUMITOMO MITSUI FINANCIAL GR,8316,JPY
593,Share,5727,TOHO TITANIUM CO LTD,5727,JPY
594,Share,4403,NOF CORP.,4403,JPY
595,Share,8766,TOKIO MARINE HOLDINGS INC,8766,JPY
596,Share,4203,SUMITOMO BAKELITE CO LTD,4203,JPY
597,Share,8331,CHIBA BANK LTD/THE,8331,JPY
598,Share,6652,IDEC CORP,6652,JPY
599,Share,7419,NOJIMA CORP,7419,JPY
600,Share,2875,TOYO SUISAN KAISHA LTD,2875,JPY
601,Share,9064,YAMATO HOLDINGS CO LTD,9064,JPY
602,Share,4914,TAKASAGO INTERNATIONAL CORP,4914,JPY
603,Share,1720,TOKYU CONSTRUCTION CO LTD,1720,JPY
604,Share,3401,TEIJIN LTD,3401,JPY
605,Share,4480,MEDLEY INC,4480,JPY
606,Share,9842,ARCLANDS CORP,9842,JPY
607,Share,4970,TOYO GOSEI CO LTD,4970,JPY
608,Share,3279,ACTIVIA PROPERTIES INC,3279,JPY
609,Share,8697,JAPAN EXCHANGE GROUP INC,8697,JPY
610,Share,2229,CALBEE INC,2229,JPY
611,Share,6258,HIRATA CORP,6258,JPY
612,Share,6464,TSUBAKI NAKASHIMA CO LTD,6464,JPY
613,Share,5947,RINNAI CORP,5947,JPY
614,Share,6361,EBARA CORP,6361,JPY
615,Share,5344,MARUWA CO LTD,5344,JPY
616,Share,7269,SUZUKI MOTOR CORP,7269,JPY
617,Share,6807,JAPAN AVIATION ELECTRONICS,6807,JPY
618,Share,6005,MIURA CO LTD,6005,JPY
619,Share,6952,CASIO COMPUTER CO LTD,6952,JPY
620,Share,6235,OPTORUN CO LTD,6235,JPY
621,Share,7456,MATSUDA SANGYO CO LTD,7456,JPY
622,Share,6481,THK CO LTD,6481,JPY
623,Share,9142,KYUSHU RAILWAY COMPANY,9142,JPY
624,Share,2914,JAPAN TOBACCO INC,2914,JPY
625,Share,8160,KISOJI CO LTD,8160,JPY
626,Share,5233,TAIHEIYO CEMENT CORP,5233,JPY
627,Share,6302,SUMITOMO HEAVY INDUSTRIES,6302,JPY
628,Share,6503,MITSUBISHI ELECTRIC CORP,6503,JPY
629,Share,6849,NIHON KOHDEN CORP,6849,JPY
630,Share,2353,NIPPON PARKING DEVELOPMENT C,2353,JPY
631,Share,3281,GLP J-REIT,3281,JPY
632,Share,7366,LITALICO INC,7366,JPY
633,Share,2384,SBS HOLDINGS INC,2384,JPY
634,Share,4880,CELLSOURCE CO LTD,4880,JPY
635,Share,8616,TOKAI TOKYO FINANCIAL HOLDIN,8616,JPY
636,Share,8515,AIFUL CORP,8515,JPY
637,Share,8628,MATSUI SECURITIES CO LTD,8628,JPY
638,Share,2726,PAL GROUP HOLDINGS CO LTD,2726,JPY
639,Share,3397,TORIDOLL HOLDINGS CORP,3397,JPY
640,Share,9962,MISUMI GROUP INC,9962,JPY
641,Share,9787,AEON DELIGHT CO LTD,9787,JPY
642,Share,6758,SONY GROUP CORP,6758,JPY
643,Share,5930,BUNKA SHUTTER CO LTD,5930,JPY
644,Share,3863,NIPPON PAPER INDUSTRIES CO L,3863,JPY
645,Share,6371,TSUBAKIMOTO CHAIN CO,6371,JPY
646,Share,7085,CURVES HOLDINGS CO LTD,7085,JPY
647,Share,6947,ZUKEN INC,6947,JPY
648,Share,8750,DAI-ICHI LIFE HOLDINGS INC,8750,JPY
649,Share,2220,KAMEDA SEIKA CO LTD,2220,JPY
650,Share,8058,MITSUBISHI CORP,8058,JPY
651,Share,5541,PACIFIC METALS CO LTD,5541,JPY
652,Share,9533,TOHO GAS CO LTD,9533,JPY
653,Share,8336,MUSASHINO BANK LTD/THE,8336,JPY
654,Share,6877,OBARA GROUP INC,6877,JPY
655,Share,3626,TIS INC,3626,JPY
656,Share,6473,JTEKT CORP,6473,JPY
657,Share,6594,NIDEC CORP,6594,JPY
658,Share,7451,MITSUBISHI SHOKUHIN CO LTD,7451,JPY
659,Share,7943,NICHIHA CORP,7943,JPY
660,Share,3197,SKYLARK HOLDINGS CO LTD,3197,JPY
661,Share,9119,IINO KAIUN KAISHA LTD,9119,JPY
662,Share,3880,DAIO PAPER CORP,3880,JPY
663,Share,8098,INABATA & CO LTD,8098,JPY
664,Share,7606,UNITED ARROWS LTD,7606,JPY
665,Share,8544,KEIYO BANK LTD/THE,8544,JPY
666,Share,9436,OKINAWA CELLULAR TELEPHONE,9436,JPY
667,Share,4540,TSUMURA & CO,4540,JPY
668,Share,2502,ASAHI GROUP HOLDINGS LTD,2502,JPY
669,Share,9759,NSD CO LTD,9759,JPY
670,Share,2412,BENEFIT ONE INC,2412,JPY
671,Share,2602,NISSHIN OILLIO GROUP LTD/THE,2602,JPY
672,Share,4681,RESORTTRUST INC,4681,JPY
673,Share,5105,TOYO TIRE CORP,5105,JPY
674,Share,8368,HYAKUGO BANK LTD/THE,8368,JPY
675,Share,7182,JAPAN POST BANK CO LTD,7182,JPY
676,Share,8020,KANEMATSU CORP,8020,JPY
677,Share,9716,NOMURA CO LTD,9716,JPY
678,Share,4044,CENTRAL GLASS CO LTD,4044,JPY
679,Share,6723,RENESAS ELECTRONICS CORP,6723,JPY
680,Share,9008,KEIO CORP,9008,JPY
681,Share,1925,DAIWA HOUSE INDUSTRY CO LTD,1925,JPY
682,Share,7616,COLOWIDE CO LTD,7616,JPY
683,Share,4975,JCU CORP,4975,JPY
684,Share,4188,MITSUBISHI CHEMICAL GROUP CO,4188,JPY
685,Share,8334,GUNMA BANK LTD/THE,8334,JPY
686,Share,6315,TOWA CORP,6315,JPY
687,Share,9719,SCSK CORP,9719,JPY
688,Share,4612,NIPPON PAINT HOLDINGS CO LTD,4612,JPY
689,Share,8129,TOHO HOLDINGS CO LTD,8129,JPY
690,Share,9072,NIKKON HOLDINGS CO LTD,9072,JPY
691,Share,9830,TRUSCO NAKAYAMA CORP,9830,JPY
692,Share,9605,TOEI CO LTD,9605,JPY
693,Share,5975,TOPRE CORP,5975,JPY
694,Share,6971,KYOCERA CORP,6971,JPY
695,Share,4816,TOEI ANIMATION CO LTD,4816,JPY
696,Share,9936,OHSHO FOOD SERVICE CORP,9936,JPY
697,Share,2702,MCDONALD'S HOLDINGS CO JAPAN,2702,JPY
698,Share,3288,OPEN HOUSE GROUP CO LTD,3288,JPY
699,Share,8367,NANTO BANK LTD/THE,8367,JPY
700,Share,1417,MIRAIT ONE CORP,1417,JPY
701,Share,7004,HITACHI ZOSEN CORP,7004,JPY
702,Share,2492,INFOMART CORP,2492,JPY
703,Share,9201,JAPAN AIRLINES CO LTD,9201,JPY
704,Share,3283,NIPPON PROLOGIS REIT INC,3283,JPY
705,Share,3436,SUMCO CORP,3436,JPY
706,Share,3292,AEON REIT INVESTMENT CORP,3292,JPY
707,Share,8086,NIPRO CORP,8086,JPY
708,Share,5110,SUMITOMO RUBBER INDUSTRIES,5110,JPY
709,Share,3402,TORAY INDUSTRIES INC,3402,JPY
710,Share,5021,COSMO ENERGY HOLDINGS CO LTD,5021,JPY
711,Share,3694,OPTIM CORP,3694,JPY
712,Share,7342,WEALTHNAVI INC,7342,JPY
713,Share,9048,NAGOYA RAILROAD CO LTD,9048,JPY
714,Share,8967,"JAPAN LOGISTICS FUND, INC.",8967,JPY
715,Share,6324,HARMONIC DRIVE SYSTEMS INC,6324,JPY
716,Share,4043,TOKUYAMA CORP,4043,JPY
717,Share,6506,YASKAWA ELECTRIC CORP,6506,JPY
718,Share,3445,RS TECHNOLOGIES CO LTD,3445,JPY
719,Share,2810,HOUSE FOODS GROUP INC,2810,JPY
720,Share,6196,STRIKE CO LTD,6196,JPY
721,Share,9101,NIPPON YUSEN KK,9101,JPY
722,Share,1893,PENTA-OCEAN CONSTRUCTION CO,1893,JPY
723,Share,6988,NITTO DENKO CORP,6988,JPY
724,Share,6305,HITACHI CONSTRUCTION MACHINE,6305,JPY
725,Share,3466,LASALLE LOGIPORT REIT,3466,JPY
726,Share,9532,OSAKA GAS CO LTD,9532,JPY
727,Share,1377,SAKATA SEED CORP,1377,JPY
728,Share,9504,CHUGOKU ELECTRIC POWER CO,9504,JPY
729,Share,4617,CHUGOKU MARINE PAINTS LTD,4617,JPY
730,Share,2379,DIP CORP,2379,JPY
731,Share,2590,DYDO GROUP HOLDINGS INC,2590,JPY
732,Share,7599,IDOM INC,7599,JPY
733,Share,6326,KUBOTA CORP,6326,JPY
734,Share,6845,AZBIL CORP,6845,JPY
735,Share,8068,RYOYO ELECTRO CORP,8068,JPY
736,Share,6178,JAPAN POST HOLDINGS CO LTD,6178,JPY
737,Share,8306,MITSUBISHI UFJ FINANCIAL GRO,8306,JPY
738,Share,9757,FUNAI SOKEN HOLDINGS INC,9757,JPY
739,Share,4527,ROHTO PHARMACEUTICAL CO LTD,4527,JPY
740,Share,5406,KOBE STEEL LTD,5406,JPY
741,Share,7181,JAPAN POST INSURANCE CO LTD,7181,JPY
742,Share,4503,ASTELLAS PHARMA INC.,4503,JPY
743,Share,6707,SANKEN ELECTRIC CO LTD,6707,JPY
744,Share,7956,PIGEON CORP,7956,JPY
745,Share,5393,NICHIAS CORP,5393,JPY
746,Share,1308,NIKKO ETF - TOPIX,1308,JPY
747,Share,8308,RESONA HOLDINGS INC,8308,JPY
748,Share,3923,RAKUS CO LTD,3923,JPY
749,Share,6191,AIRTRIP CORP,6191,JPY
750,Share,4521,KAKEN PHARMACEUTICAL CO LTD,4521,JPY
751,Share,8951,NIPPON BUILDING FUND INC,8951,JPY
752,Share,7734,RIKEN KEIKI CO LTD,7734,JPY
753,Share,8715,ANICOM HOLDINGS INC,8715,JPY
754,Share,2685,ADASTRIA CO LTD,2685,JPY
755,Share,3182,OISIX RA DAICHI INC,3182,JPY
756,Share,4186,TOKYO OHKA KOGYO CO LTD,4186,JPY
757,Share,8218,KOMERI CO LTD,8218,JPY
758,Share,8801,MITSUI FUDOSAN CO LTD,8801,JPY
759,Share,5202,NIPPON SHEET GLASS CO LTD,5202,JPY
760,Share,6564,MIDAC HOLDINGS CO LTD,6564,JPY
761,Share,3290,ONE REIT INC,3290,JPY
762,Share,6804,HOSIDEN CORP,6804,JPY
763,Share,5844,KYOTO FINANCIAL GROUP INC,5844,JPY
764,Share,3774,INTERNET INITIATIVE JAPAN,3774,JPY
765,Share,8370,KIYO BANK LTD/THE,8370,JPY
766,Share,7071,AMVIS HOLDINGS INC,7071,JPY
767,Share,4689,LY CORP,4689,JPY
768,Share,9024,SEIBU HOLDINGS INC,9024,JPY
769,Share,6055,JAPAN MATERIAL CO LTD,6055,JPY
770,Share,8012,NAGASE & CO LTD,8012,JPY
771,Share,5929,SANWA HOLDINGS CORP,5929,JPY
772,Share,2181,PERSOL HOLDINGS CO LTD,2181,JPY
773,Share,1320,IFREE ETF-NIKKEI 225,1320,JPY
774,Share,7272,YAMAHA MOTOR CO LTD,7272,JPY
775,Share,7630,ICHIBANYA CO LTD,7630,JPY
776,Share,8600,TOMONY HOLDINGS INC,8600,JPY
777,Share,6727,WACOM CO LTD,6727,JPY
778,Share,6268,NABTESCO CORP,6268,JPY
779,Share,2433,HAKUHODO DY HOLDINGS INC,2433,JPY
780,Share,4985,EARTH CORP,4985,JPY
781,Share,4041,NIPPON SODA CO LTD,4041,JPY
782,Share,6406,FUJITEC CO LTD,6406,JPY
783,Share,4552,JCR PHARMACEUTICALS CO LTD,4552,JPY
784,Share,6349,KOMORI CORP,6349,JPY
785,Share,8022,MIZUNO CORP,8022,JPY
786,Share,8346,TOHO BANK LTD/THE,8346,JPY
787,Share,3132,MACNICA HOLDINGS INC,3132,JPY
788,Share,4051,GMO FINANCIAL GATE INC,4051,JPY
789,Share,6284,NISSEI ASB MACHINE CO LTD,6284,JPY
790,Share,6740,JAPAN DISPLAY INC,6740,JPY
791,Share,4819,DIGITAL GARAGE INC,4819,JPY
792,Share,7459,MEDIPAL HOLDINGS CORP,7459,JPY
793,Share,7817,PARAMOUNT BED HOLDINGS CO LT,7817,JPY
794,Share,3569,SEIREN CO LTD,3569,JPY
795,Share,4578,OTSUKA HOLDINGS CO LTD,4578,JPY
796,Share,9831,YAMADA HOLDINGS CO LTD,9831,JPY
797,Share,3099,ISETAN MITSUKOSHI HOLDINGS L,3099,JPY
798,Share,9766,KONAMI GROUP CORP,9766,JPY
799,Share,4641,ALTECH CORP,4641,JPY
800,Share,4996,KUMIAI CHEMICAL INDUSTRY CO,4996,JPY
801,Share,2784,ALFRESA HOLDINGS CORP,2784,JPY
802,Share,6088,SIGMAXYZ HOLDINGS INC,6088,JPY
803,Share,3487,CRE LOGISTICS REIT INC,3487,JPY
804,Share,1348,MAXIS TOPIX ETF,1348,JPY
805,Share,2270,MEGMILK SNOW BRAND CO LTD,2270,JPY
806,Share,4208,UBE CORP,4208,JPY
807,Share,7476,AS ONE CORP,7476,JPY
808,Share,3765,GUNGHO ONLINE ENTERTAINMENT,3765,JPY
809,Share,6869,SYSMEX CORP,6869,JPY
810,Share,9090,AZ-COM MARUWA HOLDINGS INC,9090,JPY
811,Share,5901,TOYO SEIKAN GROUP HOLDINGS L,5901,JPY
812,Share,5440,KYOEI STEEL LTD,5440,JPY
813,Share,5384,FUJIMI INC,5384,JPY
814,Share,6134,FUJI CORP/AICHI,6134,JPY
815,Share,5715,FURUKAWA CO LTD,5715,JPY
816,Share,9010,FUJI KYUKO CO LTD,9010,JPY
817,Share,5803,FUJIKURA LTD,5803,JPY
818,Share,4921,FANCL CORP,4921,JPY
819,Share,6923,STANLEY ELECTRIC CO LTD,6923,JPY
820,Share,2175,SMS CO LTD,2175,JPY
821,Share,8958,GLOBAL ONE REIT,8958,JPY
822,Share,3902,MEDICAL DATA VISION CO LTD,3902,JPY
823,Share,7259,AISIN CORP,7259,JPY
824,Share,9001,TOBU RAILWAY CO LTD,9001,JPY
825,Share,3167,TOKAI HOLDINGS CORP,3167,JPY
826,Share,4095,NIHON PARKERIZING CO LTD,4095,JPY
827,Share,1860,TODA CORP,1860,JPY
828,Share,5186,NITTA CORP,5186,JPY
829,Share,7729,TOKYO SEIMITSU CO LTD,7729,JPY
830,Share,6750,ELECOM CO LTD,6750,JPY
831,Share,3471,MITSUI FUDOSAN LOGISTICS PAR,3471,JPY
832,Share,3608,TSI HOLDINGS CO LTD,3608,JPY
833,Share,4974,TAKARA BIO INC,4974,JPY
834,Share,9551,METAWATER CO LTD,9551,JPY
835,Share,2292,S FOODS INC,2292,JPY
836,Share,9449,GMO INTERNET GROUP INC,9449,JPY
837,Share,8002,MARUBENI CORP,8002,JPY
838,Share,6960,FUKUDA DENSHI CO LTD,6960,JPY
839,Share,9045,KEIHAN HOLDINGS CO LTD,9045,JPY
840,Share,5802,SUMITOMO ELECTRIC INDUSTRIES,5802,JPY
841,Share,6925,USHIO INC,6925,JPY
842,Share,3086,J FRONT RETAILING CO LTD,3086,JPY
843,Share,1591,NF JPX-NIKKEI 400 ETF,1591,JPY
844,Share,8060,CANON MARKETING JAPAN INC,8060,JPY
845,Share,5334,NITERRA CO LTD,5334,JPY
846,Share,9743,TANSEISHA CO LTD,9743,JPY
847,Share,5122,OKAMOTO INDUSTRIES INC,5122,JPY
848,Share,8255,AXIAL RETAILING INC,8255,JPY
849,Share,4565,SOSEI GROUP CORP,4565,JPY
850,Share,4980,DEXERIALS CORP,4980,JPY
851,Share,6981,MURATA MANUFACTURING CO LTD,6981,JPY
852,Share,4927,POLA ORBIS HOLDINGS INC,4927,JPY
853,Share,1662,JAPAN PETROLEUM EXPLORATION,1662,JPY
854,Share,6118,AIDA ENGINEERING LTD,6118,JPY
855,Share,9058,TRANCOM CO LTD,9058,JPY
856,Share,7947,FP CORP,7947,JPY
857,Share,8609,OKASAN SECURITIES GROUP INC,8609,JPY
858,Share,5631,JAPAN STEEL WORKS LTD,5631,JPY
859,Share,8155,MIMASU SEMICONDUCTOR INDUST,8155,JPY
860,Share,7242,KYB CORP,7242,JPY
861,Share,9508,KYUSHU ELECTRIC POWER CO INC,9508,JPY
862,Share,6800,YOKOWO CO LTD,6800,JPY
863,Share,4042,TOSOH CORP,4042,JPY
864,Share,7740,TAMRON CO LTD,7740,JPY
865,Share,8242,H2O RETAILING CORP,8242,JPY
866,Share,6532,BAYCURRENT CONSULTING INC,6532,JPY
867,Share,6755,FUJITSU GENERAL LTD,6755,JPY
868,Share,3110,NITTO BOSEKI CO LTD,3110,JPY
869,Share,9682,DTS CORP,9682,JPY
870,Share,4967,KOBAYASHI PHARMACEUTICAL CO,4967,JPY
871,Share,6471,NSK LTD,6471,JPY
872,Share,7202,ISUZU MOTORS LTD,7202,JPY
873,Share,9699,NISHIO HOLDINGS CO LTD,9699,JPY
874,Share,3769,GMO PAYMENT GATEWAY INC,3769,JPY
875,Share,8804,TOKYO TATEMONO CO LTD,8804,JPY
876,Share,2124,JAC RECRUITMENT CO LTD,2124,JPY
877,Share,9302,MITSUI-SOKO HOLDINGS CO LTD,9302,JPY
878,Share,6736,SUN CORP,6736,JPY
879,Share,8278,FUJI CO LTD,8278,JPY
880,Share,8987,JAPAN EXCELLENT INC,8987,JPY
881,Share,9843,NITORI HOLDINGS CO LTD,9843,JPY
882,Share,8601,DAIWA SECURITIES GROUP INC,8601,JPY
883,Share,4205,ZEON CORPORATION,4205,JPY
884,Share,2815,ARIAKE JAPAN CO LTD,2815,JPY
885,Share,6474,NACHI-FUJIKOSHI CORP,6474,JPY
886,Share,4559,ZERIA PHARMACEUTICAL CO LTD,4559,JPY
887,Share,3226,NIPPON ACCOMMODATIONS FUND,3226,JPY
888,Share,7201,NISSAN MOTOR CO LTD,7201,JPY
889,Share,1821,SUMITOMO MITSUI CONSTRUCTION,1821,JPY
890,Share,7011,MITSUBISHI HEAVY INDUSTRIES,7011,JPY
891,Share,9434,SOFTBANK CORP,9434,JPY
892,Share,8960,UNITED URBAN INVESTMENT CORPORATION,8960,JPY
893,Share,3668,COLOPL INC,3668,JPY
894,Share,4004,RESONAC HOLDINGS CORPORATION,4004,JPY
895,Share,2791,DAIKOKUTENBUSSAN CO LTD,2791,JPY
896,Share,6544,JAPAN ELEVATOR SERVICE HOLDI,6544,JPY
897,Share,9882,YELLOW HAT LTD,9882,JPY
898,Share,8214,AOKI HOLDINGS INC,8214,JPY
899,Share,3476,MIRAI CORP,3476,JPY
900,Share,6454,MAX CO LTD,6454,JPY
901,Share,8273,IZUMI CO LTD,8273,JPY
902,Share,6463,TPR CO LTD,6463,JPY
903,Share,6504,FUJI ELECTRIC CO LTD,6504,JPY
904,Share,5713,SUMITOMO METAL MINING CO LTD,5713,JPY
905,Share,2491,VALUECOMMERCE CO LTD,2491,JPY
906,Share,8386,HYAKUJUSHI BANK LTD/THE,8386,JPY
907,Share,1961,SANKI ENGINEERING CO LTD,1961,JPY
908,Share,7944,ROLAND CORP,7944,JPY
909,Share,9735,SECOM CO LTD,9735,JPY
910,Share,7013,IHI CORP,7013,JPY
911,Share,8008,YONDOSHI HOLDINGS INC,8008,JPY
912,Share,8698,MONEX GROUP INC,8698,JPY
913,Share,8304,AOZORA BANK LTD,8304,JPY
914,Share,8977,HANKYU HANSHIN REIT INC,8977,JPY
915,Share,4911,SHISEIDO CO LTD,4911,JPY
916,Share,3254,PRESSANCE CORP,3254,JPY
917,Share,1306,NEXT FUNDS TOPIX ETF,1306,JPY
918,Share,6929,NIPPON CERAMIC CO LTD,6929,JPY
919,Share,4401,ADEKA CORP,4401,JPY
920,Share,9501,TOKYO ELECTRIC POWER COMPANY,9501,JPY
921,Share,2471,S-POOL INC,2471,JPY
922,Share,7186,CONCORDIA FINANCIAL GROUP LT,7186,JPY
923,Share,7864,FUJI SEAL INTERNATIONAL INC,7864,JPY
924,Share,8848,LEOPALACE21 CORP,8848,JPY
925,Share,9956,VALOR HOLDINGS CO LTD,9956,JPY
926,Share,2768,SOJITZ CORP,2768,JPY
927,Share,3382,SEVEN & I HOLDINGS CO LTD,3382,JPY
928,Share,6058,VECTOR INC,6058,JPY
929,Share,1305,IFREE ETF-TOPIX,1305,JPY
930,Share,9746,TKC CORP,9746,JPY
931,Share,9513,ELECTRIC POWER DEVELOPMENT C,9513,JPY
932,Share,3234,MORI HILLS REIT INVESTMENT C,3234,JPY
933,Share,2929,PHARMA FOODS INTERNATIONAL,2929,JPY
934,Share,4307,NOMURA RESEARCH INSTITUTE LT,4307,JPY
935,Share,4733,OBIC BUSINESS CONSULTANTS,4733,JPY
936,Share,4443,SANSAN INC,4443,JPY
937,Share,4917,MANDOM CORP,4917,JPY
938,Share,9672,TOKYOTOKEIBA CO LTD,9672,JPY
939,Share,9433,KDDI CORPORATION,9433,JPY
940,Share,6455,MORITA HOLDINGS CORP,6455,JPY
941,Share,7981,TAKARA STANDARD CO LTD,7981,JPY
942,Share,4114,NIPPON SHOKUBAI CO LTD,4114,JPY
943,Share,3097,MONOGATARI CORP,3097,JPY
944,Share,8830,SUMITOMO REALTY & DEVELOPMEN,8830,JPY
945,Share,3481,MITSUBISHI ESTATE LOGISTICS,3481,JPY
946,Share,4452,KAO CORP,4452,JPY
947,Share,2317,SYSTENA CORP,2317,JPY
948,Share,2432,DENA CO LTD,2432,JPY
949,Share,4061,DENKA CO LTD,4061,JPY
950,Share,2158,FRONTEO INC,2158,JPY
951,Share,7732,TOPCON CORP,7732,JPY
952,Share,8934,SUN FRONTIER FUDOUSAN CO LTD,8934,JPY
953,Share,5988,PIOLAX INC,5988,JPY
954,Share,2168,PASONA GROUP INC,2168,JPY
955,Share,7779,CYBERDYNE INC,7779,JPY
956,Share,6741,NIPPON SIGNAL COMPANY LTD,6741,JPY
957,Share,3002,GUNZE LTD,3002,JPY
958,Share,6967,SHINKO ELECTRIC INDUSTRIES,6967,JPY
959,Share,8341,77 BANK LTD/THE,8341,JPY
960,Share,6457,GLORY LTD,6457,JPY
961,Share,3462,NOMURA REAL ESTATE MASTER FU,3462,JPY
962,Share,9509,HOKKAIDO ELECTRIC POWER CO,9509,JPY
963,Share,6508,MEIDENSHA CORP,6508,JPY
964,Share,3003,HULIC CO LTD,3003,JPY
965,Share,4045,TOAGOSEI CO LTD,4045,JPY
966,Share,9107,KAWASAKI KISEN KAISHA LTD,9107,JPY
967,Share,1969,TAKASAGO THERMAL ENGINEERING,1969,JPY
968,Share,2651,LAWSON INC,2651,JPY
969,Share,6417,SANKYO CO LTD,6417,JPY
970,Share,5911,YOKOGAWA BRIDGE HOLDINGS COR,5911,JPY
971,Share,7816,SNOW PEAK INC,7816,JPY
972,Share,8051,YAMAZEN CORP,8051,JPY
973,Share,4471,SANYO CHEMICAL INDUSTRIES,4471,JPY
974,Share,6702,FUJITSU LTD,6702,JPY
975,Share,2678,ASKUL CORP,2678,JPY
976,Share,9506,TOHOKU ELECTRIC POWER CO INC,9506,JPY
977,Share,1803,SHIMIZU CORP,1803,JPY
978,Share,8593,MITSUBISHI HC CAPITAL INC,8593,JPY
979,Share,9869,KATO SANGYO CO LTD,9869,JPY
980,Share,5741,UACJ CORP,5741,JPY
981,Share,3034,QOL HOLDINGS CO LTD,3034,JPY
982,Share,6622,DAIHEN CORP,6622,JPY
983,Share,4118,KANEKA CORP,4118,JPY
984,Share,7752,RICOH CO LTD,7752,JPY
985,Share,7276,KOITO MANUFACTURING CO LTD,7276,JPY
986,Share,8279,YAOKO CO LTD,8279,JPY
987,Share,3407,ASAHI KASEI CORP,3407,JPY
988,Share,1719,HAZAMA ANDO CORP,1719,JPY
989,Share,5302,NIPPON CARBON CO LTD,5302,JPY
990,Share,1414,SHO-BOND HOLDINGS CO LTD,1414,JPY
991,Share,4272,NIPPON KAYAKU CO LTD,4272,JPY
992,Share,9678,KANAMOTO CO LTD,9678,JPY
993,Share,9404,NIPPON TELEVISION HOLDINGS,9404,JPY
994,Share,1343,NF TSE REIT ETF,1343,JPY
995,Share,3191,JOYFUL HONDA CO LTD,3191,JPY
996,Share,6590,SHIBAURA MECHATRONICS CORP,6590,JPY
997,Share,4726,SB TECHNOLOGY CORP,4726,JPY
998,Share,6841,YOKOGAWA ELECTRIC CORP,6841,JPY
999,Share,1802,OBAYASHI CORP,1802,JPY
1000,Share,6146,DISCO CORP,6146,JPY
1001,Share,7649,SUGI HOLDINGS CO LTD,7649,JPY
1002,Share,3249,INDUSTRIAL & INFRASTRUCTURE,3249,JPY
1003,Share,7177,GMO FINANCIAL HOLDINGS INC,7177,JPY
1004,Share,4212,SEKISUI JUSHI CORP,4212,JPY
1005,Share,1928,SEKISUI HOUSE LTD,1928,JPY
1006,Share,6367,DAIKIN INDUSTRIES LTD,6367,JPY
1007,Share,2201,MORINAGA & CO LTD,2201,JPY
1008,Share,4751,CYBERAGENT INC,4751,JPY
1009,Share,4091,NIPPON SANSO HOLDINGS CORP,4091,JPY
1010,Share,1605,INPEX CORP,1605,JPY
1011,Share,9005,TOKYU CORP,9005,JPY
1012,Share,7731,NIKON CORP,7731,JPY
1013,Share,8309,SUMITOMO MITSUI TRUST HOLDIN,8309,JPY
1014,Share,8979,STARTS PROCEED INVESTMENT CO,8979,JPY
1015,Share,3148,CREATE SD HOLDINGS CO,3148,JPY
1016,Share,4516,NIPPON SHINYAKU CO LTD,4516,JPY
1017,Share,3186,NEXTAGE CO LTD,3186,JPY
1018,Share,7965,ZOJIRUSHI CORP,7965,JPY
1019,Share,8359,HACHIJUNI BANK LTD/THE,8359,JPY
1020,Share,8050,SEIKO GROUP CORP,8050,JPY
1021,Share,4528,ONO PHARMACEUTICAL CO LTD,4528,JPY
1022,Share,8984,DAIWA HOUSE REIT INVESTMENT,8984,JPY
1023,Share,4825,WEATHERNEWS INC,4825,JPY
1024,Share,6201,TOYOTA INDUSTRIES CORP,6201,JPY
1025,Share,6013,TAKUMA CO LTD,6013,JPY
1026,Share,3028,ALPEN CO LTD,3028,JPY
1027,Share,5401,NIPPON STEEL CORP,5401,JPY
1028,Share,1950,NIPPON DENSETSU KOGYO CO LTD,1950,JPY
1029,Share,4028,ISHIHARA SANGYO KAISHA LTD,4028,JPY
1030,Share,9009,KEISEI ELECTRIC RAILWAY CO,9009,JPY
1031,Share,4665,DUSKIN CO LTD,4665,JPY
1032,Share,3941,RENGO CO LTD,3941,JPY
1033,Share,9432,NIPPON TELEGRAPH & TELEPHONE,9432,JPY
1034,Share,8057,UCHIDA YOKO CO LTD,8057,JPY
1035,Share,4187,OSAKA ORGANIC CHEMICAL IND,4187,JPY
1036,Share,7203,TOYOTA MOTOR CORP,7203,JPY
1037,Share,9044,NANKAI ELECTRIC RAILWAY CO,9044,JPY
1038,Share,7226,KYOKUTO KAIHATSU KOGYO CO,7226,JPY
1039,Share,5101,YOKOHAMA RUBBER CO LTD,5101,JPY
1040,Share,7970,SHIN-ETSU POLYMER CO LTD,7970,JPY
1041,Share,6875,MEGACHIPS CORP,6875,JPY
1042,Share,7261,MAZDA MOTOR CORP,7261,JPY
1043,Share,3659,NEXON CO LTD,3659,JPY
1044,Share,2681,GEO HOLDINGS CORP,2681,JPY
1045,Share,7860,AVEX INC,7860,JPY
1046,Share,8975,ICHIGO OFFICE REIT INVESTMEN,8975,JPY
1047,Share,9627,AIN HOLDINGS INC,9627,JPY
1048,Share,6857,ADVANTEST CORP,6857,JPY
1049,Share,9418,USEN-NEXT HOLDINGS CO LTD,9418,JPY
1050,Share,6141,DMG MORI CO LTD,6141,JPY
1051,Share,7751,CANON INC,7751,JPY
1052,Share,5310,TOYO TANSO CO LTD,5310,JPY
1053,Share,7575,JAPAN LIFELINE CO LTD,7575,JPY
1054,Index,IBJP225,Japan 225,IBJP225,JPY
1055,Share,8133,ITOCHU ENEX CO LTD,8133,JPY
1056,Share,HMC,HONDA MOTOR CO LTD-SPONS ADR,HMC,USD
1057,Share,TAK,TAKEDA PHARMACEUTIC-SP ADR,TAK,USD
1058,Share,TM,TOYOTA MOTOR CORP -SPON ADR,TM,USD
1059,Share,CAJPY,CANON INC-SPONS ADR,CAJPY,USD
1060,Share,MUFG,MITSUBISHI UFJ FINL-SPON ADR,MUFG,USD
1061,Share,SMFG,SUMITOMO MITSUI-SPONS ADR,SMFG,USD
1062,Share,IX,ORIX - SPONSORED ADR,IX,USD
1063,Share,SONY,SONY GROUP CORP - SP ADR,SONY,USD
