Symbol,signal,period
QQQ,SAH,225
QQQ,GRBK,221
QQQ,CMG,247
QQQ,HUBG,223
QQQ,INAQU,168
QQQ,ASO,197
QQQ,FELE,226
QQQ,GTX,223
QQQ,ALORU,105
QQQ,CDAQ,90
QQQ,NSSC,223
QQQ,NCACU,120
QQQ,CBRGU,96
QQQ,NSP,227
QQQ,ENCPU,99
QQQ,ENPH,201
QQQ,ALPA,135
QQQ,CLH,201
QQQ,PRGS,193
QQQ,IBN,200
QQQ,PRLHU,107
QQQ,PFTA,134
QQQ,MCAGU,113
QQQ,GATEU,137
QQQ,MCAAU,125
QQQ,SEPA,149
QQQ,CDRE,121
QQQ,AN,228
QQQ,CDNS,226
QQQ,MITA,157
QQQ,DKS,198
QQQ,GFS,134
QQQ,APXIU,110
QQQ,DPCSU,106
QQQ,CBFV,287
QQQ,TRTL,141
QQQ,XPDBU,100
QQQ,RCACU,110
QQQ,VBFC,287
QQQ,EVBN,279
QQQ,VHNAU,106
QQQ,SCRMU,84
QQQ,TRON,170
QQQ,MTRN,226
QQQ,FDS,200
QQQ,MTSI,238
QQQ,JUGG,155
QQQ,OPOF,230
QQQ,WCC,224
QQQ,GABC,278
QQQ,USCTU,127
QQQ,GGAL,268
QQQ,TSBK,224
QQQ,GATE,86
QQQ,MYE,230
QQQ,GHI,280
QQQ,PANL,228
QQQ,CXAI,228
QQQ,AMR,230
QQQ,IVCBU,46
QQQ,TRGP,232
QQQ,BCPC,223
QQQ,RIO,289
QQQ,AIR,228
QQQ,KOS,229
QQQ,MUFG,290
QQQ,ARCH,230
QQQ,IVCPU,45
QQQ,PEPLU,161
QQQ,ULTA,198
QQQ,FCN,235
QQQ,CZFS,224
QQQ,ETN,224
QQQ,OZK,256
QQQ,MGLD,112
QQQ,TOACU,71
QQQ,BHB,259
QQQ,UBFO,258
QQQ,AMBI,232
QQQ,BHAC,52
QQQ,SHEL,231
QQQ,ROCAU,122
QQQ,LFAC,100
QQQ,GPK,230
QQQ,LGSTU,109
QQQ,DKDCU,239
QQQ,EDTX,244
QQQ,CONXU,236
QQQ,AUB,277
QQQ,LIBYU,76
QQQ,UVSP,278
QQQ,CHS,196
QQQ,SWSS,93
QQQ,EDTXU,199
QQQ,ZGN,66
QQQ,ERII,190
QQQ,UTL,243
QQQ,WIRE,194
QQQ,ON,226
QQQ,CLBR,149
QQQ,WAVC,101
QQQ,NVMI,262
QQQ,GOLF,232
QQQ,BWC,143
QQQ,CVR,215
QQQ,OLITU,135
QQQ,HPLT,50
QQQ,FN,277
QQQ,OXAC,102
QQQ,BSBK,196
QQQ,RVSB,262
QQQ,LBBBU,63
QQQ,ULH,223
QQQ,ONTO,307
QQQ,NVDA,301
QQQ,XPAXU,194
QQQ,AMKR,275
QQQ,MSFT,309
QQQ,EQH,252
QQQ,ATLO,261
QQQ,PLAOU,72
QQQ,UFPT,190
QQQ,ALB,193
QQQ,KLAC,261
QQQ,BYNOU,123
QQQ,GFGDU,47
QQQ,BDC,190
QQQ,PIPR,293
QQQ,ATS,269
QQQ,GNE,223
QQQ,DAR,280
QQQ,X,280
QQQ,AGTI,280
QQQ,IMOS,280
QQQ,IAUX,280
QQQ,RDVT,280
QQQ,WF,282
QQQ,EDRY,282
QQQ,EC,284
QQQ,IX,284
QQQ,DAC,284
QQQ,GDEN,284
QQQ,SII,284
QQQ,NMM,284
QQQ,SMID,284
QQQ,RELI,284
QQQ,GOLD,286
QQQ,FSFG,286
QQQ,CTSH,287
QQQ,KRNY,287
QQQ,FXNC,287
QQQ,FCX,276
QQQ,DOW,276
QQQ,CLF,276
QQQ,CHH,276
QQQ,ORLA,276
QQQ,RY,276
QQQ,BNS,288
QQQ,SPB,288
QQQ,PFC,288
QQQ,DUNE,288
QQQ,BMO,289
QQQ,TX,289
QQQ,CIB,289
QQQ,CRESY,289
QQQ,BRKL,289
QQQ,CNOB,289
QQQ,TD,289
QQQ,MDU,230
QQQ,AU,283
QQQ,WH,275
QQQ,DSKE,274
QQQ,CELU,274
QQQ,FNV,291
QQQ,RVTY,273
QQQ,HGV,273
QQQ,HLT,272
QQQ,MT,272
QQQ,FITB,272
QQQ,COHR,272
QQQ,LITE,272
QQQ,CADE,272
QQQ,AVNT,272
QQQ,SEAS,272
QQQ,HRI,272
QQQ,SYNA,272
QQQ,VIRT,272
QQQ,UMBF,272
QQQ,JOE,272
QQQ,MXL,272
QQQ,VRNT,272
QQQ,FUN,272
QQQ,GBX,272
QQQ,LC,272
QQQ,PEBO,272
QQQ,BBDC,272
QQQ,BCSF,272
QQQ,MRAM,272
QQQ,RMBI,272
QQQ,QCOM,272
QQQ,ORCC,261
QQQ,OPHC,292
QQQ,DUNEU,274
QQQ,CSX,270
QQQ,NVST,270
QQQ,ABT,270
QQQ,ABM,270
QQQ,MSEX,270
QQQ,CCAP,270
QQQ,HMST,270
QQQ,LOW,270
QQQ,INFY,269
QQQ,EW,269
QQQ,KB,269
QQQ,EMN,269
QQQ,CCK,269
QQQ,RHI,269
QQQ,EWBC,269
QQQ,WBS,269
QQQ,CNS,269
QQQ,WD,269
QQQ,PSEC,269
QQQ,PAX,269
QQQ,MCRI,269
QQQ,VBTX,269
QQQ,CUBI,269
QQQ,EBIX,269
QQQ,NEXA,269
QQQ,GLAD,269
QQQ,ITIC,269
QQQ,ADTH,269
QQQ,AXP,269
QQQ,CMLS,269
QQQ,LFLY,269
QQQ,THC,269
QQQ,GEN,268
QQQ,KEY,268
QQQ,MORN,268
QQQ,SNV,268
QQQ,CWK,268
QQQ,WFC,268
QQQ,CSWC,268
QQQ,HIFS,268
QQQ,CPF,268
QQQ,HTBI,268
QQQ,EBTC,268
QQQ,FFWM,268
QQQ,QUAD,268
QQQ,SGH,270
QQQ,MU,267
QQQ,VLY,267
QQQ,FONR,296
QQQ,JLL,266
QQQ,SMPL,297
QQQ,HFFG,264
QQQ,HBAN,253
QQQ,ASGN,261
QQQ,GLBZ,261
QQQ,TNET,272
QQQ,BOOT,256
QQQ,PFLT,256
QQQ,GCO,256
QQQ,TWIN,256
QQQ,AAP,254
QQQ,GSBD,254
QQQ,STKS,254
QQQ,IROQ,254
QQQ,NSC,253
QQQ,TGI,253
QQQ,BFST,253
QQQ,FMNB,302
QQQ,MHH,302
QQQ,VRSK,252
QQQ,ACN,252
QQQ,DAVA,252
QQQ,GBDC,252
QQQ,PRAA,252
QQQ,UPS,252
QQQ,ITOS,252
QQQ,AMD,281
QQQ,WMT,251
QQQ,CSV,304
QQQ,DRS,283
QQQ,FNWB,250
QQQ,TSLX,269
QQQ,CAC,249
QQQ,WPM,287
QQQ,RCI,305
QQQ,MFC,248
QQQ,SLF,248
QQQ,SBSW,248
QQQ,HTGC,248
QQQ,NMRK,248
QQQ,SCHN,248
QQQ,RM,248
QQQ,CAMT,264
QQQ,LFACU,123
QQQ,ICLR,247
QQQ,STX,247
QQQ,TXT,247
QQQ,ZI,247
QQQ,CIEN,247
QQQ,TRN,247
QQQ,WRLD,247
QQQ,ATLC,247
QQQ,FDP,230
QQQ,CM,246
QQQ,TDY,246
QQQ,PLNT,246
QQQ,CARG,246
QQQ,VECO,246
QQQ,THRY,246
QQQ,FISI,246
QQQ,CPAA,135
QQQ,GOOGL,245
QQQ,BN,245
QQQ,DXCM,245
QQQ,ALC,245
QQQ,RMD,245
QQQ,MLM,245
QQQ,CBRE,245
QQQ,FOXA,245
QQQ,ENTG,245
QQQ,SF,245
QQQ,DHR,245
QQQ,AMEH,245
QQQ,SSP,245
QQQ,HLLY,245
QQQ,ELBM,245
QQQ,SPY,245
QQQ,SCHW,245
QQQ,FORM,307
QQQ,CBT,230
QQQ,ZTS,244
QQQ,TTD,244
QQQ,DELL,244
QQQ,EXPE,244
QQQ,LSXMK,244
QQQ,LSXMA,244
QQQ,CNXC,244
QQQ,SASR,244
QQQ,ACEL,244
QQQ,SMP,244
QQQ,MLP,277
QQQ,KLIC,274
QQQ,EGRX,308
QQQ,ICE,243
QQQ,BALL,243
QQQ,AKAM,243
QQQ,GLOB,243
QQQ,CCCS,243
QQQ,GIL,243
QQQ,TTGT,243
QQQ,TRS,243
QQQ,NVAC,93
QQQ,GSK,309
QQQ,KFRC,309
QQQ,POWI,277
QQQ,CTOS,241
QQQ,CIGI,240
QQQ,CZWI,240
QQQ,TSRI,240
QQQ,SPGI,240
QQQ,WST,239
QQQ,WBA,239
QQQ,COO,239
QQQ,NTRS,239
QQQ,EDR,239
QQQ,PZZA,239
QQQ,GRC,239
QQQ,EGBN,239
QQQ,CIVB,239
QQQ,BSRR,239
QQQ,ISDR,239
QQQ,FNWD,238
QQQ,GOOG,237
QQQ,NTAP,237
QQQ,BAC,237
QQQ,FFIV,237
QQQ,CSCO,237
QQQ,BBU,237
QQQ,TNC,237
QQQ,RBCAA,237
QQQ,TBI,237
QQQ,GHL,237
QQQ,CATO,237
QQQ,INTU,237
QQQ,TM,280
QQQ,CSTR,280
QQQ,TGH,284
QQQ,DOV,236
QQQ,LH,236
QQQ,SSNC,236
QQQ,CFG,236
QQQ,FHB,236
QQQ,CASH,236
QQQ,HLIO,236
QQQ,SMTC,236
QQQ,EVRI,236
QQQ,WTBA,236
QQQ,ZUMZ,236
QQQ,BFIN,236
QQQ,FSI,236
QQQ,ARTW,236
QQQ,NOW,236
QQQ,KOF,190
QQQ,OMI,278
QQQ,INCR,314
QQQ,AB,235
QQQ,SEDG,280
QQQ,NAPA,280
QQQ,CMCL,290
QQQ,USPH,316
QQQ,PNC,234
QQQ,TFC,234
QQQ,FNF,234
QQQ,TFIN,234
QQQ,SPNS,234
QQQ,WSBF,234
QQQ,ARQQ,234
QQQ,DOGZ,318
QQQ,BSAC,287
QQQ,FAST,270
QQQ,PNFP,233
QQQ,MLAB,233
QQQ,PACW,233
QQQ,KW,320
QQQ,SMFG,202
QQQ,STM,202
QQQ,CARR,202
QQQ,ROK,202
QQQ,WAT,202
QQQ,NICE,202
QQQ,SSTK,202
QQQ,BTOG,202
QQQ,ST,203
QQQ,CODI,203
QQQ,KARO,203
QQQ,ACMR,203
QQQ,CPTN,203
QQQ,TYL,206
QQQ,CSTM,206
QQQ,DISAU,206
QQQ,VIA,206
QQQ,CCRD,205
QQQ,TLYS,205
QQQ,ADI,201
QQQ,DEO,201
QQQ,ABNB,201
QQQ,USB,201
QQQ,JD,201
QQQ,TEL,201
QQQ,IR,201
QQQ,TER,201
QQQ,BEN,201
QQQ,JHX,201
QQQ,GGG,201
QQQ,MAS,201
QQQ,COTY,201
QQQ,WPP,201
QQQ,CG,201
QQQ,RGEN,201
QQQ,APG,201
QQQ,EXP,201
QQQ,VVV,201
QQQ,ESI,201
QQQ,CPRI,201
QQQ,CPA,201
QQQ,ESNT,201
QQQ,SXT,201
QQQ,KFY,201
QQQ,NKE,201
QQQ,SHOO,201
QQQ,TROX,201
QQQ,UCTT,201
QQQ,THRM,201
QQQ,HSII,201
QQQ,ALTG,201
QQQ,RBKB,201
QQQ,AMAT,201
QQQ,SSRM,321
QQQ,VTSI,207
QQQ,BKNG,200
QQQ,RACE,200
QQQ,LYG,200
QQQ,NWG,200
QQQ,BCS,200
QQQ,NOK,200
QQQ,WMG,200
QQQ,LBTYK,200
QQQ,LBTYA,200
QQQ,FOCS,200
QQQ,WAL,200
QQQ,INMD,200
QQQ,GT,200
QQQ,LSBK,322
QQQ,QGEN,199
QQQ,CL,209
QQQ,CNA,323
QQQ,IIIN,323
QQQ,PRST,323
QQQ,WERN,213
QQQ,ING,197
QQQ,NXPI,197
QQQ,DB,197
QQQ,ALV,197
QQQ,BERY,197
QQQ,ITT,197
QQQ,SUM,197
QQQ,GSHD,197
QQQ,PAYS,230
QQQ,RGLD,324
QQQ,SEE,324
QQQ,NICK,211
QQQ,EOCW,152
QQQ,AXTA,193
QQQ,TSM,196
QQQ,JCI,196
QQQ,BRBS,196
QQQ,STC,228
QQQ,VEL,228
QQQ,HAS,212
QQQ,ONEW,212
QQQ,UMC,227
QQQ,AVTR,227
QQQ,MTG,227
QQQ,RL,201
QQQ,FORR,325
QQQ,VICR,195
QQQ,ALRS,226
QQQ,AMSWA,226
QQQ,SONY,226
QQQ,LNTH,245
QQQ,SUZ,294
QQQ,SSD,225
QQQ,CFFN,225
QQQ,FMBH,225
QQQ,YELL,225
QQQ,KBH,190
QQQ,CRH,194
QQQ,LSCC,194
QQQ,SATS,194
QQQ,FBMS,194
QQQ,AVAL,216
QQQ,CHD,326
QQQ,TEF,326
QQQ,FRBK,326
QQQ,LRCX,193
QQQ,MCO,193
QQQ,CPRT,193
QQQ,VRSN,193
QQQ,TW,193
QQQ,POOL,193
QQQ,LKQ,193
QQQ,CE,193
QQQ,WTRG,193
QQQ,DPZ,193
QQQ,BBWI,193
QQQ,PFSI,193
QQQ,JBT,193
QQQ,CCS,193
QQQ,FDBC,193
QQQ,RBB,193
QQQ,FSBW,193
QQQ,CCEL,193
QQQ,FAF,224
QQQ,FFIN,224
QQQ,SFNC,224
QQQ,WSFS,224
QQQ,SFST,224
QQQ,GM,192
QQQ,DHI,192
QQQ,A,192
QQQ,RTO,192
QQQ,FND,192
QQQ,SITE,192
QQQ,TOL,192
QQQ,TPX,192
QQQ,DGHI,192
QQQ,CREX,192
QQQ,LFUS,223
QQQ,VCTR,223
QQQ,SHYF,223
QQQ,PCYG,223
QQQ,BLD,222
QQQ,NYCB,222
QQQ,MIDD,221
QQQ,AX,220
QQQ,ORCL,191
QQQ,AXON,191
QQQ,DOOO,191
QQQ,AWI,191
QQQ,MC,191
QQQ,PRMW,191
QQQ,DCBO,191
QQQ,SENS,191
QQQ,SNY,309
QQQ,SHW,190
QQQ,OTIS,190
QQQ,G,190
QQQ,SYNH,190
QQQ,SCVL,190
QQQ,SCX,190
QQQ,CBRG,104
QQQ,OMCL,189
QQQ,GIC,189
QQQ,ATXG,327
QQQ,UG,330
QQQ,PRI,188
QQQ,FBIN,186
QQQ,PRFT,331
QQQ,III,331
QQQ,LIFW,262
QQQ,EXPR,262
QQQ,WSO,187
QQQ,ACAHU,187
QQQ,SNFCA,332
QQQ,FRST,332
QQQ,CBAN,260
QQQ,ASML,186
QQQ,ADBE,186
QQQ,BKI,186
QQQ,GNTX,186
QQQ,MEDP,186
QQQ,FMIVU,186
QQQ,CFFS,83
QQQ,AWK,185
QQQ,JILL,185
QQQ,CYAN,185
QQQ,GILD,185
QQQ,COOL,241
QQQ,VREX,184
QQQ,CHT,334
QQQ,LYB,334
QQQ,PKG,334
QQQ,SITM,334
QQQ,CIZN,334
QQQ,SB,335
QQQ,APD,182
QQQ,AAON,182
QQQ,FTS,336
QQQ,STE,336
QQQ,HSIC,336
QQQ,MRCY,336
QQQ,PLUS,336
QQQ,KRO,336
QQQ,INVA,336
QQQ,TLF,336
QQQ,BOTJ,253
QQQ,RDN,277
QQQ,SLACU,246
QQQ,J,337
QQQ,SEB,337
QQQ,LEN,181
QQQ,CLX,181
QQQ,OTEX,181
QQQ,EXPO,181
QQQ,RFIL,252
QQQ,ALG,179
QQQ,FTV,180
QQQ,IEX,180
QQQ,FSS,180
QQQ,NFBK,180
QQQ,HPQ,338
QQQ,MKC,338
QQQ,ATRI,338
QQQ,BX,338
QQQ,SKIN,251
QQQ,OGN,337
QQQ,SAL,277
QQQ,DT,179
QQQ,RCLFU,179
QQQ,JUN,80
QQQ,NGG,339
QQQ,BCE,339
QQQ,HPE,338
QQQ,L,339
QQQ,LPX,339
QQQ,MEOH,339
QQQ,MMI,339
QQQ,WLKP,339
QQQ,FRPH,339
QQQ,GNK,339
QQQ,WHF,339
QQQ,VLGEA,339
QQQ,PED,339
QQQ,PFIE,339
QQQ,TRP,340
QQQ,TU,340
QQQ,LYV,340
QQQ,FSK,340
QQQ,M,340
QQQ,SCHL,340
QQQ,CMRE,340
QQQ,UTI,340
QQQ,HBM,251
QQQ,CME,341
QQQ,BY,341
QQQ,GAIN,341
QQQ,CIX,341
QQQ,SKYW,176
QQQ,LCAAU,176
QQQ,AIRT,176
QQQ,JRSH,176
QQQ,FRAF,297
QQQ,SEIC,175
QQQ,NATI,175
QQQ,CERT,175
QQQ,HELE,175
QQQ,VRTS,175
QQQ,LOB,175
QQQ,RMR,175
QQQ,AMBC,175
QQQ,MNDO,245
QQQ,BDX,343
QQQ,TSN,343
QQQ,MAIN,343
QQQ,MGEE,343
QQQ,TAC,343
QQQ,IBTX,343
QQQ,PFS,343
QQQ,ALCO,343
QQQ,IQV,174
QQQ,EXPD,174
QQQ,PNR,174
QQQ,MASI,174
QQQ,LBTYB,174
QQQ,CROX,174
QQQ,TREX,174
QQQ,PVH,174
QQQ,IBP,174
QQQ,CALX,174
QQQ,EVTC,174
QQQ,NAVI,174
QQQ,HAIN,174
QQQ,PROV,244
QQQ,WNS,290
QQQ,DUK,344
QQQ,PG,344
QQQ,PEG,344
QQQ,LNT,344
QQQ,POR,344
QQQ,BJ,193
QQQ,EL,173
QQQ,LULU,173
QQQ,ROP,173
QQQ,APTV,173
QQQ,WIT,173
QQQ,ZBRA,173
QQQ,AVY,173
QQQ,EPAM,173
QQQ,CRL,173
QQQ,CTLT,173
QQQ,HLNE,173
QQQ,HAYW,173
QQQ,RDNT,173
QQQ,MRNA,172
QQQ,CNHI,172
QQQ,QDEL,172
QQQ,GHLD,172
QQQ,WGO,171
QQQ,NX,220
QQQ,TGT,171
QQQ,ECL,171
QQQ,JPM,171
QQQ,ANSS,171
QQQ,EFX,171
QQQ,PAYC,171
QQQ,BRKR,171
QQQ,DECK,171
QQQ,MANH,171
QQQ,FSV,171
QQQ,NYT,171
QQQ,AMG,171
QQQ,JHG,171
QQQ,TIXT,171
QQQ,LCII,171
QQQ,CRM,171
QQQ,NFLX,171
QQQ,AMRC,171
QQQ,AMK,171
QQQ,PJT,171
QQQ,BSIG,171
QQQ,KRT,171
QQQ,HRZN,171
QQQ,HIVE,171
QQQ,BYFC,171
QQQ,GTEC,171
QQQ,WHLM,171
QQQ,ISRG,171
QQQ,GS,171
QQQ,BLK,171
QQQ,WNEB,279
QQQ,ELSE,347
QQQ,TRU,170
QQQ,MTN,170
QQQ,ABG,170
QQQ,FOXF,170
QQQ,CRI,170
QQQ,CWH,170
QQQ,SGHC,170
QQQ,GVA,170
QQQ,FLGT,170
QQQ,CDMO,170
QQQ,TTSH,170
QQQ,AURCU,170
QQQ,HIHO,170
QQQ,D,348
QQQ,ES,348
QQQ,FORTY,348
QQQ,AEE,349
QQQ,CMS,349
QQQ,EVRG,349
QQQ,SGMA,349
QQQ,TRMB,169
QQQ,EVR,169
QQQ,AZZ,169
QQQ,VPG,169
QQQ,IMTX,169
QQQ,AUDC,169
QQQ,EVI,169
QQQ,CTHR,169
QQQ,BIP,350
QQQ,IDXX,168
QQQ,BNTX,168
QQQ,HZNP,168
QQQ,KMX,168
QQQ,GNRC,168
QQQ,BMI,168
QQQ,EXPI,168
QQQ,MWA,168
QQQ,APPS,168
QQQ,PWP,168
QQQ,ARCT,168
QQQ,HQI,168
QQQ,PCYO,168
QQQ,JYNT,168
QQQ,KRNLU,168
QQQ,MYFW,351
QQQ,XEL,352
QQQ,WEC,352
QQQ,DTE,352
QQQ,INLX,352
QQQ,XYL,167
QQQ,TECH,167
QQQ,PGNY,167
QQQ,UAA,167
QQQ,RVLV,167
QQQ,CNTY,167
QQQ,CNVS,167
QQQ,EVC,300
QQQ,WSM,166
QQQ,DV,166
QQQ,AINC,287
QQQ,MA,337
QQQ,TROW,165
QQQ,PODD,165
QQQ,ASX,206
QQQ,BBAR,206
QQQ,AURC,163
QQQ,JMSB,190
QQQ,WWD,246
QQQ,NEU,270
QQQ,SIMO,355
QQQ,IMKTA,199
QQQ,FI,223
QQQ,UA,163
QQQ,TSQ,163
QQQ,PETZ,163
QQQ,BOH,244
QQQ,BACA,93
QQQ,ALTUU,356
QQQ,ALGN,162
QQQ,KIDS,162
QQQ,TXN,162
QQQ,FPAY,162
QQQ,UFPI,278
QQQ,IGT,290
QQQ,RBOT,161
QQQ,JXN,188
QQQ,SHLS,160
QQQ,CCOI,160
QQQ,BLIN,160
QQQ,MPWR,354
QQQ,INBK,358
QQQ,UNP,358
QQQ,CSLM,79
QQQ,APH,278
QQQ,SKY,291
QQQ,BURU,192
QQQ,SBSI,361
QQQ,OI,212
QQQ,SYF,182
QQQ,XFINU,154
QQQ,AIZ,362
QQQ,CNF,152
QQQ,TDC,181
QQQ,AVNW,181
QQQ,SIFY,181
QQQ,DXLG,284
QQQ,TMHC,271
QQQ,BOC,180
QQQ,PATI,151
QQQ,CSLMU,103
QQQ,LATGU,80
QQQ,META,179
QQQ,JELD,149
QQQ,CMPO,150
QQQ,KOP,197
QQQ,ESP,229
QQQ,LAZ,149
QQQ,GOOS,149
QQQ,ROAD,149
QQQ,SPWR,149
QQQ,BBCP,149
QQQ,VLD,149
QQQ,SNT,149
QQQ,PBFS,148
QQQ,ALOT,148
QQQ,CRCT,177
QQQ,AEIS,222
QQQ,YETI,147
QQQ,DGX,332
QQQ,HOLI,146
QQQ,GWRS,146
QQQ,CLWT,146
QQQ,HBNC,365
QQQ,CTRN,148
QQQ,GTN,145
QQQ,WILC,145
QQQ,RSVR,341
QQQ,ANF,144
QQQ,ASTL,144
QQQ,BGFV,144
QQQ,AZEK,178
QQQ,ZD,174
QQQ,GSM,285
QQQ,PINC,366
QQQ,NWFL,279
QQQ,VMW,142
QQQ,PLMR,142
QQQ,BBSI,142
QQQ,VOD,317
QQQ,NVEI,141
QQQ,RUSHB,226
QQQ,SFBC,140
QQQ,MAT,367
QQQ,ROG,367
QQQ,BYD,275
QQQ,UI,139
QQQ,ASYS,139
QQQ,ARTNA,210
QQQ,USAC,201
QQQ,VEEV,138
QQQ,RUN,138
QQQ,SWBI,138
QQQ,HIBB,138
QQQ,ZEV,138
QQQ,TANH,139
QQQ,BPOP,368
QQQ,CPK,368
QQQ,PNM,137
QQQ,PUK,135
QQQ,AQUNU,9
QQQ,BREZ,238
QQQ,GMAB,136
QQQ,BBY,136
QQQ,FOX,136
QQQ,CGNX,136
QQQ,VNT,136
QQQ,SCPL,136
QQQ,DHT,136
QQQ,OSW,136
QQQ,DXPE,136
QQQ,BWAC,212
QQQ,BUR,137
QQQ,RYAAY,135
QQQ,GRMN,135
QQQ,LBRDK,135
QQQ,MTCH,135
QQQ,LBRDA,135
QQQ,HXL,135
QQQ,CODA,135
QQQ,CSBR,135
QQQ,JCTCF,135
QQQ,ARMK,275
QQQ,COF,134
QQQ,BMA,134
QQQ,EYE,134
QQQ,LMAT,134
QQQ,FRD,134
QQQ,TRNS,334
QQQ,CXT,271
QQQ,EMR,133
QQQ,TDG,133
QQQ,BBVA,133
QQQ,GIB,133
QQQ,HAE,133
QQQ,ITGR,133
QQQ,IART,133
QQQ,IRWD,133
QQQ,KODK,133
QQQ,SELB,133
QQQ,HON,133
QQQ,PSHG,133
QQQ,SYK,133
QQQ,KAI,349
QQQ,MMSI,168
QQQ,CAE,132
QQQ,MELI,131
QQQ,RH,131
QQQ,AROC,221
QQQ,SLAB,289
QQQ,CSGP,130
QQQ,BSY,130
QQQ,LOMA,130
QQQ,GDOT,130
QQQ,SCKT,130
QQQ,HDB,130
QQQ,RICK,253
QQQ,DNOW,223
QQQ,GFI,337
QQQ,ATI,214
QQQ,NBIX,129
QQQ,OMF,129
QQQ,IMMR,129
QQQ,RENEU,32
QQQ,HAIA,144
QQQ,ARTE,107
QQQ,CPSI,128
QQQ,TTE,195
QQQ,AVGO,354
QQQ,TH,202
QQQ,BFAM,127
QQQ,SHIP,127
QQQ,DBX,126
QQQ,FCFS,126
QQQ,UONE,126
QQQ,RVP,126
QQQ,GSL,289
QQQ,PLTK,125
QQQ,SMLR,125
QQQ,TSLA,372
QQQ,VHI,372
QQQ,AFBI,226
QQQ,SXI,271
QQQ,DOOR,173
QQQ,RF,264
QQQ,PPL,219
QQQ,FCCO,302
QQQ,VZ,236
QQQ,TOI,125
QQQ,OXM,221
QQQ,MDWT,124
QQQ,MP,278
QQQ,NEOG,171
QQQ,FLIC,234
QQQ,DCGO,121
QQQ,GRNT,355
QQQ,ZDGE,120
QQQ,HP,196
QQQ,PLBC,295
QQQ,MRVI,119
QQQ,EPD,246
QQQ,TECK,246
QQQ,ELMD,298
QQQ,BLX,260
QQQ,UPBD,118
QQQ,CTG,297
QQQ,VVI,155
QQQ,DISH,118
QQQ,VACC,112
QQQ,CMCO,205
QQQ,CEIX,200
QQQ,FMX,116
QQQ,WKC,116
QQQ,R,222
QQQ,NDSN,278
QQQ,TRI,290
QQQ,VIV,378
QQQ,PCRX,378
QQQ,FLT,115
QQQ,RRR,274
QQQ,CABO,152
QQQ,SSTI,152
QQQ,CHTR,114
QQQ,DFS,114
QQQ,VTRU,114
QQQ,MDT,114
QQQ,SBUX,114
QQQ,CHDN,278
QQQ,DFIN,299
QQQ,JRVR,113
QQQ,BLEU,100
QQQ,PGSS,123
QQQ,AGYS,112
QQQ,NHC,112
QQQ,HNNA,330
QQQ,HSTM,111
QQQ,TPB,111
QQQ,NAII,111
QQQ,QOMOU,10
QQQ,BC,111
QQQ,TRC,289
QQQ,ECPG,334
QQQ,IPW,7
QQQ,CRT,200
QQQ,JAQC,106
QQQ,RGR,144
QQQ,PYPL,108
QQQ,UEIC,108
QQQ,KMT,185
QQQ,CRECU,111
QQQ,BIIB,107
QQQ,COLM,154
QQQ,AMS,154
QQQ,ASAI,106
QQQ,IRMD,340
QQQ,ACACU,9
QQQ,AEY,141
QQQ,SP,105
QQQ,OSG,105
QQQ,STLA,140
QQQ,NSTB,140
QQQ,LMT,11
QQQ,GRND,384
QQQ,BTWN,11
QQQ,BTWNU,11
QQQ,SAP,139
QQQ,HOG,11
QQQ,BVN,11
QQQ,LRN,11
QQQ,MNTK,11
QQQ,EIG,11
QQQ,MVBF,11
QQQ,PNRG,11
QQQ,DHCA,11
QQQ,DIT,11
QQQ,JOB,11
QQQ,LFVN,11
QQQ,AE,11
QQQ,GURE,11
QQQ,LINK,261
QQQ,NOC,12
QQQ,CACI,12
QQQ,MKTW,12
QQQ,KMB,344
QQQ,LLY,11
QQQ,FERG,11
QQQ,PEP,11
QQQ,HRL,11
QQQ,FMS,11
QQQ,IP,11
QQQ,ADT,11
QQQ,VIR,11
QQQ,LESL,11
QQQ,YORW,11
QQQ,PAHC,11
QQQ,CVLY,11
QQQ,PWOD,11
QQQ,FGF,11
QQQ,APVO,11
QQQ,MDLZ,11
QQQ,CHKP,12
QQQ,ADSK,138
QQQ,JNPR,11
QQQ,PNW,11
QQQ,DSGX,11
QQQ,BROG,11
QQQ,PBPB,11
QQQ,ROSS,11
QQQ,EPC,275
QQQ,MPLX,12
QQQ,COST,12
QQQ,FFNW,12
QQQ,FRBA,13
QQQ,OPAL,337
QQQ,CHMG,217
QQQ,SNPS,12
QQQ,HSY,12
QQQ,PAYX,12
QQQ,CCEP,12
QQQ,RPAY,12
QQQ,PNT,12
QQQ,LEV,12
QQQ,TCI,12
QQQ,BDL,12
QQQ,BRBR,102
QQQ,FYBR,12
QQQ,SLP,13
QQQ,VGR,13
QQQ,EBF,13
QQQ,FLWS,13
QQQ,CFB,13
QQQ,HONE,13
QQQ,MLVF,13
QQQ,TXRH,14
QQQ,SUP,101
QQQ,STAA,136
QQQ,NVEE,13
QQQ,CLBT,13
QQQ,CPRX,13
QQQ,ITRN,13
QQQ,PM,13
QQQ,OCN,13
QQQ,FUSB,13
QQQ,KTCC,13
QQQ,BLMN,14
QQQ,XP,100
QQQ,CMCSA,100
QQQ,LOCO,100
QQQ,PTWO,16
QQQ,WEN,14
QQQ,PRK,14
QQQ,BANR,14
QQQ,DIN,14
QQQ,WDH,10
QQQ,NFE,14
QQQ,ORA,14
QQQ,WAFU,14
QQQ,IRDM,99
QQQ,ACHC,99
QQQ,PAGS,99
QQQ,CLRO,99
QQQ,PLYA,327
QQQ,LARK,289
QQQ,CCLD,133
QQQ,MNRO,173
QQQ,GPAC,11
QQQ,CMRX,11
QQQ,OXY,11
QQQ,MD,97
QQQ,AMPY,97
QQQ,MMC,11
QQQ,HMC,11
QQQ,KO,11
QQQ,LEA,11
QQQ,SAIC,11
QQQ,DVAX,11
QQQ,HVT,11
QQQ,OPA,9
QQQ,RELX,276
QQQ,AME,11
QQQ,AMP,11
QQQ,HEI,11
QQQ,IVZ,11
QQQ,VAL,11
QQQ,B,11
QQQ,ARCE,11
QQQ,SXC,11
QQQ,CBNK,11
QQQ,ELTK,11
QQQ,KT,332
QQQ,LAD,96
QQQ,VRT,96
QQQ,ZWS,96
QQQ,TGLS,279
QQQ,AYI,12
QQQ,STN,18
QQQ,WMB,11
QQQ,SU,11
QQQ,DVN,11
QQQ,MMP,11
QQQ,ACI,11
QQQ,ORI,11
QQQ,PDCE,11
QQQ,PB,11
QQQ,BOX,11
QQQ,ESTE,11
QQQ,ROCC,11
QQQ,WTI,11
QQQ,PGC,11
QQQ,SD,11
QQQ,OBE,11
QQQ,ISTR,11
QQQ,HMNF,11
QQQ,TAIT,11
QQQ,FIVE,12
QQQ,GEL,11
QQQ,CWBC,11
QQQ,IBM,12
QQQ,UBS,11
QQQ,MNST,11
QQQ,SAN,11
QQQ,ANET,11
QQQ,MPC,11
QQQ,MSI,11
QQQ,LNG,11
QQQ,PPG,11
QQQ,TLK,11
QQQ,FE,11
QQQ,CNP,11
QQQ,ARES,11
QQQ,AFG,11
QQQ,PAA,11
QQQ,HLI,11
QQQ,UNM,11
QQQ,COKE,11
QQQ,CIVI,11
QQQ,ENLC,11
QQQ,NOMD,11
QQQ,PAGP,11
QQQ,CORT,11
QQQ,LBRT,11
QQQ,XPEL,11
QQQ,NTCT,11
QQQ,VIST,11
QQQ,HCC,11
QQQ,OPRA,11
QQQ,TALO,11
QQQ,GOGO,11
QQQ,MDRX,11
QQQ,CLB,11
QQQ,AVID,11
QQQ,VTLE,11
QQQ,AXL,11
QQQ,AMOT,11
QQQ,SBOW,11
QQQ,GCBC,11
QQQ,MCBS,11
QQQ,NGL,11
QQQ,AMCX,11
QQQ,WASH,11
QQQ,NEWT,11
QQQ,HDSN,11
QQQ,MPB,11
QQQ,DAKT,11
QQQ,FNLC,11
QQQ,SAMG,11
QQQ,INTT,11
QQQ,BBW,11
QQQ,CWCO,11
QQQ,MS,11
QQQ,MBCN,11
QQQ,CFFI,11
QQQ,MNSB,11
QQQ,BKCC,11
QQQ,ESSA,11
QQQ,DLHC,11
QQQ,EML,11
QQQ,BPT,11
QQQ,PVL,11
QQQ,STRT,11
QQQ,NSYS,11
QQQ,RCON,11
QQQ,CAG,12
QQQ,OSIS,12
QQQ,TTEC,12
QQQ,FDUS,12
QQQ,IPI,12
QQQ,BEPC,95
QQQ,SONO,95
QQQ,JBI,95
QQQ,BOSC,95
QQQ,HII,12
QQQ,TIMB,12
QQQ,UGI,12
QQQ,SFM,12
QQQ,CEPU,12
QQQ,OBT,12
QQQ,SGA,12
QQQ,PHAR,201
QQQ,PSX,12
QQQ,ET,12
QQQ,WDC,12
QQQ,CRK,12
QQQ,NEX,12
QQQ,ODP,12
QQQ,CGBD,12
QQQ,CAAS,12
QQQ,FAMI,12
QQQ,COP,12
QQQ,LEU,13
QQQ,NISN,13
QQQ,NJR,12
QQQ,SWKS,93
QQQ,DVA,93
QQQ,ALLE,93
QQQ,XPO,93
QQQ,DIS,93
QQQ,MMM,13
QQQ,AMX,12
QQQ,PBR,12
QQQ,FTNT,12
QQQ,ITUB,12
QQQ,ABEV,12
QQQ,AFL,12
QQQ,BBDO,12
QQQ,BBD,12
QQQ,BSBR,12
QQQ,NDAQ,12
QQQ,ZM,12
QQQ,EBR,12
QQQ,SIRI,12
QQQ,AGR,12
QQQ,JBL,12
QQQ,CCJ,12
QQQ,DOX,12
QQQ,YPF,12
QQQ,ALGM,12
QQQ,ICL,12
QQQ,HESM,12
QQQ,CIG,12
QQQ,MTDR,12
QQQ,NOVT,12
QQQ,PR,12
QQQ,PHI,12
QQQ,EXLS,12
QQQ,LTHM,12
QQQ,KNTK,12
QQQ,AJRD,12
QQQ,ELP,12
QQQ,DIOD,12
QQQ,SUN,12
QQQ,TFSL,12
QQQ,CRC,12
QQQ,DQ,12
QQQ,QFIN,12
QQQ,SFBS,12
QQQ,OR,12
QQQ,IDCC,12
QQQ,WLY,12
QQQ,NUS,12
QQQ,TTMI,12
QQQ,HPK,12
QQQ,FINV,12
QQQ,HLF,12
QQQ,MEI,12
QQQ,SRCE,12
QQQ,ATEN,12
QQQ,BHLB,12
QQQ,PBT,12
QQQ,AGRO,12
QQQ,DRD,12
QQQ,HAYN,12
QQQ,PBI,12
QQQ,IDT,12
QQQ,TILE,12
QQQ,VSEC,12
QQQ,LX,12
QQQ,INSE,12
QQQ,ZYXI,12
QQQ,NBN,12
QQQ,ODC,12
QQQ,CPSS,12
QQQ,RTX,12
QQQ,SPWH,12
QQQ,PBYI,12
QQQ,AXTI,12
QQQ,VOC,12
QQQ,ARC,12
QQQ,MTR,12
QQQ,DXR,12
QQQ,ACGN,12
QQQ,ACRX,12
QQQ,TRT,12
QQQ,QLI,12
QQQ,CHWY,92
QQQ,TKC,92
QQQ,NRC,92
QQQ,CB,11
QQQ,PXD,11
QQQ,E,11
QQQ,TRV,11
QQQ,ATO,11
QQQ,BWA,11
QQQ,OVV,11
QQQ,RGA,11
QQQ,RBC,11
QQQ,FIX,11
QQQ,NFG,11
QQQ,AMN,11
QQQ,WHD,11
QQQ,DORM,11
QQQ,ANDE,11
QQQ,TMUS,11
QQQ,OBK,11
QQQ,NOA,11
QQQ,CAN,11
QQQ,SGU,11
QQQ,CRWS,11
QQQ,FLEX,13
QQQ,VC,13
QQQ,GTES,13
QQQ,DLX,13
QQQ,TK,13
QQQ,CASS,13
QQQ,BRY,13
QQQ,NATH,13
QQQ,PMTS,13
QQQ,GRIN,13
QQQ,SVII,6
QQQ,FFBC,20
QQQ,SNX,91
QQQ,CCU,91
QQQ,IGIC,91
QQQ,APT,91
QQQ,ZIM,388
QQQ,CNQ,13
QQQ,MET,13
QQQ,FANG,13
QQQ,CF,13
QQQ,MAN,13
QQQ,UGP,13
QQQ,CPG,13
QQQ,DK,13
QQQ,PFBC,13
QQQ,LND,13
QQQ,HYW,13
QQQ,OCUP,13
QQQ,PXS,13
QQQ,SO,11
QQQ,DG,11
QQQ,AMCR,11
QQQ,ZION,11
QQQ,OGS,11
QQQ,NWN,11
QQQ,MRC,11
QQQ,CCVI,11
QQQ,GPRK,11
QQQ,JWSM,11
QQQ,CFIV,11
QQQ,BOAC,11
QQQ,LTRPB,11
QQQ,ACAH,11
QQQ,VHAQ,11
QQQ,NHTC,11
QQQ,FLJ,11
QQQ,CHGG,90
QQQ,ORAN,338
QQQ,ZYME,89
QQQ,HTLF,13
QQQ,TBBK,14
QQQ,EQNR,13
QQQ,HES,13
QQQ,DD,13
QQQ,IMO,13
QQQ,FCNCA,13
QQQ,CHK,13
QQQ,MSA,13
QQQ,FUTU,13
QQQ,CHX,13
QQQ,FOUR,13
QQQ,AM,13
QQQ,MGY,13
QQQ,ENS,13
QQQ,DEN,13
QQQ,IPAR,13
QQQ,NOG,13
QQQ,JJSF,13
QQQ,MYRG,13
QQQ,HTH,13
QQQ,NS,13
QQQ,HEP,13
QQQ,TCBK,13
QQQ,AEHR,13
QQQ,LBAI,13
QQQ,REVG,13
QQQ,MCB,13
QQQ,EGY,13
QQQ,SMBK,13
QQQ,UONEK,13
QQQ,MEC,13
QQQ,ESCA,13
QQQ,MIXT,13
QQQ,UBCP,13
QQQ,CPSH,13
QQQ,YGMZ,13
QQQ,BUD,13
QQQ,WDS,12
QQQ,GIS,12
QQQ,KR,12
QQQ,K,12
QQQ,RPRX,12
QQQ,CPB,12
QQQ,LDOS,12
QQQ,WTS,12
QQQ,FLO,12
QQQ,WU,12
QQQ,BKH,12
QQQ,FHI,12
QQQ,IRS,12
QQQ,WTTR,12
QQQ,DRQ,12
QQQ,MBWM,12
QQQ,SOI,12
QQQ,SENEA,12
QQQ,BOOM,12
QQQ,CFIVU,12
QQQ,NC,12
QQQ,BOCN,81
QQQ,JAN,129
QQQ,TTC,84
QQQ,HIMX,14
QQQ,PLOW,14
QQQ,PROC,87
QQQ,WT,11
QQQ,CRAI,11
QQQ,ENB,12
QQQ,BR,12
QQQ,RPM,12
QQQ,JKHY,12
QQQ,PSN,12
QQQ,KEX,12
QQQ,QLYS,12
QQQ,SAM,12
QQQ,TARO,12
QQQ,LZB,12
QQQ,FSNB,12
QQQ,CGEM,12
QQQ,SLB,14
QQQ,EOG,14
QQQ,HAL,14
QQQ,FLR,14
QQQ,PTEN,14
QQQ,CHEF,14
QQQ,DLTH,14
QQQ,BWACU,14
QQQ,NTIC,86
QQQ,QRVO,85
QQQ,THG,85
QQQ,ECVT,85
QQQ,FLS,14
QQQ,SPXC,15
QQQ,TCFC,15
QQQ,BG,13
QQQ,DCI,13
QQQ,APAM,13
QQQ,RES,13
QQQ,HAFC,13
QQQ,JAKK,13
QQQ,COOLU,13
QQQ,UHS,84
QQQ,HWM,14
QQQ,MGM,14
QQQ,UNVR,14
QQQ,WTFC,14
QQQ,CVCO,14
QQQ,BRC,14
QQQ,VRTV,14
QQQ,AFYA,14
QQQ,CAL,14
QQQ,GPRO,14
QQQ,HFWA,14
QQQ,PFIS,14
QQQ,SHBI,14
QQQ,TBCP,14
QQQ,LIVE,14
QQQ,IHT,14
QQQ,APWC,14
QQQ,LNN,83
QQQ,MO,13
QQQ,BTI,13
QQQ,MTB,13
QQQ,AEL,13
QQQ,CENTA,13
QQQ,JACK,13
QQQ,WMK,13
QQQ,MRTN,13
QQQ,TOWN,13
QQQ,ICFI,13
QQQ,LKFN,13
QQQ,CENT,13
QQQ,HTBK,13
QQQ,SENEB,13
QQQ,NRIM,13
QQQ,QFTA,13
QQQ,FUNC,13
QQQ,SKX,82
QQQ,ADM,15
QQQ,MGA,15
QQQ,PAM,15
QQQ,SIX,15
QQQ,REZI,15
QQQ,YELP,15
QQQ,DNN,15
QQQ,ARKO,15
QQQ,IESC,15
QQQ,TDS,15
QQQ,VITL,15
QQQ,FLXS,15
QQQ,GD,16
QQQ,PCAR,16
QQQ,STLD,16
QQQ,HURC,16
QQQ,USLM,81
QQQ,CMT,81
QQQ,JEF,14
QQQ,STR,14
QQQ,DTOCU,14
QQQ,GBNY,14
QQQ,LMNL,13
QQQ,TMP,16
QQQ,DLA,84
QQQ,TCBI,17
QQQ,FACT,17
QQQ,ALRM,14
QQQ,CAKE,14
QQQ,EAT,14
QQQ,FOR,14
QQQ,CHUY,14
QQQ,GSBC,14
QQQ,APGB,14
QQQ,CONX,14
QQQ,SDAC,14
QQQ,MKTX,80
QQQ,HE,80
QQQ,EME,16
QQQ,MGPI,16
QQQ,HTLD,169
QQQ,CATY,15
QQQ,EFSC,15
QQQ,YALA,15
QQQ,TENKU,16
QQQ,RKT,79
QQQ,BMY,79
QQQ,LAKE,79
QQQ,EEFT,17
QQQ,PPBI,17
QQQ,STRL,17
QQQ,BWFG,17
QQQ,DHX,17
QQQ,FVCB,17
QQQ,PTRS,17
QQQ,BGI,17
QQQ,CMC,18
QQQ,VNOM,18
QQQ,SNCY,18
QQQ,BV,18
QQQ,ISSC,18
QQQ,TBCPU,18
QQQ,DENN,14
QQQ,ETD,19
QQQ,PFGC,16
QQQ,XYF,78
QQQ,ATVI,18
QQQ,HRB,18
QQQ,NPO,18
QQQ,UEC,18
QQQ,JFIN,18
QQQ,PRG,19
QQQ,VRTX,16
QQQ,NVS,77
QQQ,TMST,19
QQQ,NIMC,20
QQQ,CW,20
QQQ,MCD,20
QQQ,ASCB,17
QQQ,NTR,19
QQQ,SMCI,19
QQQ,IPG,19
QQQ,NSIT,19
QQQ,PRIM,19
QQQ,SILV,19
QQQ,THFF,19
QQQ,SPFI,19
QQQ,VALU,19
QQQ,LOVE,19
QQQ,BCML,19
QQQ,NGVT,79
QQQ,TGAA,97
QQQ,CVI,20
QQQ,CRTO,11
QQQ,ADERU,274
QQQ,ERO,17
QQQ,DLB,76
QQQ,ALE,76
QQQ,PKE,76
QQQ,NCPL,76
QQQ,ETR,21
QQQ,SFR,18
QQQ,NI,21
QQQ,SCI,21
QQQ,MBUU,77
QQQ,ADP,20
QQQ,EXC,20
QQQ,KMI,20
QQQ,CAR,20
QQQ,OGE,20
QQQ,ACLS,20
QQQ,CC,20
QQQ,MMS,20
QQQ,SJW,20
QQQ,NMIH,20
QQQ,SAND,20
QQQ,USM,20
QQQ,LXU,20
QQQ,ORGN,20
QQQ,DHIL,20
QQQ,FMAO,20
QQQ,INTC,20
QQQ,FNCB,20
QQQ,OCAXU,22
QQQ,BJRI,18
QQQ,MBAC,18
QQQ,ABBV,75
QQQ,TR,75
QQQ,SJT,21
QQQ,CHRW,19
QQQ,EA,12
QQQ,PERI,12
QQQ,WOOF,22
QQQ,OPFI,11
QQQ,BANC,21
QQQ,GRVY,21
QQQ,MG,21
QQQ,TSCO,19
QQQ,CVLG,19
QQQ,BMAC,86
QQQ,V,74
QQQ,NGVC,391
QQQ,IHG,22
QQQ,PCTI,22
QQQ,BWXT,20
QQQ,ATSG,20
QQQ,AGMH,20
QQQ,VFC,76
QQQ,SWKH,322
QQQ,AVNS,23
QQQ,PENN,13
QQQ,AGAC,26
QQQ,AMTD,349
QQQ,BURL,72
QQQ,URBN,72
QQQ,ICMB,72
QQQ,CWT,24
QQQ,SDRL,3
QQQ,NL,25
QQQ,KFS,25
QQQ,PPIH,25
QQQ,GLBS,25
QQQ,VAQC,28
QQQ,IDA,23
QQQ,GNW,14
QQQ,RGP,26
QQQ,OLLI,70
QQQ,SRE,27
QQQ,PUMP,27
QQQ,CATC,27
QQQ,FSBC,27
QQQ,PTVE,28
QQQ,TPR,169
QQQ,HZO,169
QQQ,MPX,28
QQQ,REPX,28
QQQ,ATAQ,28
QQQ,FCAP,28
QQQ,BABA,33
QQQ,NPWR,157
QQQ,EGLE,29
QQQ,CSTA,29
QQQ,PMGM,26
QQQ,NOAH,30
QQQ,XNET,30
QQQ,PLAB,31
QQQ,SBGI,31
QQQ,CPLP,31
QQQ,LII,37
QQQ,BIDU,32
QQQ,CVX,32
QQQ,INCY,32
QQQ,STNG,32
QQQ,SUPN,32
QQQ,CARS,32
QQQ,OPY,32
QQQ,CLPS,32
QQQ,MICS,32
QQQ,FBIZ,33
QQQ,PBA,33
QQQ,NNI,33
QQQ,AGM,33
QQQ,KRP,33
QQQ,QCRH,33
QQQ,VINP,33
QQQ,ACNB,33
QQQ,LINC,33
QQQ,BATL,33
QQQ,FSEA,33
QQQ,TOPS,33
QQQ,LANC,67
QQQ,GRFS,34
QQQ,MOMO,34
QQQ,ANZUU,41
QQQ,ASRT,30
QQQ,UWMC,35
QQQ,UNF,36
QQQ,FRO,36
QQQ,ELVN,36
QQQ,DSX,36
QQQ,WWE,37
QQQ,OMAB,37
QQQ,SBLK,37
QQQ,PRDO,37
QQQ,TFX,38
QQQ,WES,38
QQQ,SWAV,38
QQQ,NVRO,38
QQQ,TTI,38
QQQ,HUDI,46
QQQ,XOM,39
QQQ,H,39
QQQ,NXST,39
QQQ,MUR,39
QQQ,TSEM,39
QQQ,SEM,39
QQQ,AIN,39
QQQ,CSIQ,39
QQQ,VIAV,39
QQQ,GLNG,39
QQQ,VET,39
QQQ,STRA,39
QQQ,MAG,39
QQQ,SLCA,39
QQQ,MGYR,39
QQQ,SDPI,39
QQQ,GMS,277
QQQ,OKE,40
QQQ,SNN,40
QQQ,MRO,40
QQQ,PARAA,40
QQQ,PARA,40
QQQ,WEX,40
QQQ,ERF,40
QQQ,PSMT,40
QQQ,BGCP,40
QQQ,GOGL,40
QQQ,ESBA,40
QQQ,AHCO,40
QQQ,GLP,40
QQQ,SCS,40
QQQ,PLPC,40
QQQ,REX,40
QQQ,FSRXU,40
QQQ,UNB,40
QQQ,PRT,40
QQQ,MLACU,40
QQQ,BIPC,41
QQQ,FRXB,41
QQQ,HSON,41
QQQ,PMGMU,63
QQQ,HCSG,42
QQQ,SNBR,42
QQQ,TWOA,42
QQQ,GLG,46
QQQ,SLAMU,65
QQQ,BKSC,65
QQQ,SKM,43
QQQ,WDFC,43
QQQ,KRNL,43
QQQ,BLUA,43
QQQ,AAC,51
QQQ,ELV,58
QQQ,LOGI,46
QQQ,RDY,46
QQQ,IRAAU,46
QQQ,MARPS,46
QQQ,FTCH,64
QQQ,CYD,64
QQQ,YRD,64
QQQ,ESOA,64
QQQ,CCV,47
QQQ,FZT,47
QQQ,LCW,142
QQQ,ALTI,52
QQQ,SLAC,52
QQQ,VALE,63
QQQ,PTC,63
QQQ,ENSG,63
QQQ,TLGA,63
QQQ,NRACU,35
QQQ,BHRB,190
QQQ,CNC,49
QQQ,OGCP,49
QQQ,CYH,49
QQQ,VNDA,49
QQQ,RMGCU,49
QQQ,ACU,50
QQQ,WB,62
QQQ,BAH,51
QQQ,IPGP,51
QQQ,KNOP,51
QQQ,PCGU,39
QQQ,PCG,39
QQQ,AEO,61
QQQ,ARRWU,61
QQQ,NINE,60
QQQ,WFCF,60
QQQ,INFU,59
QQQ,PLMIU,59
QQQ,HUM,58
QQQ,OLED,58
QQQ,BAND,58
QQQ,BWMX,57
QQQ,PNTG,57
QQQ,CSPI,57
QQQ,GDDY,53
QQQ,AMED,53
QQQ,CQP,54
QQQ,FICO,54
QQQ,FISK,54
QQQ,CPAC,54
QQQ,MOBV,14
QQQ,ESE,62
QQQ,LHX,11
QQQ,AAPL,319
QQQ,SCAQU,238
QQQ,BTG,286
QQQ,FF,236
QQQ,GLOP,223
QQQ,CACC,346
QQQ,CSAN,13
QQQ,WFRD,13
QQQ,MXC,13
QQQ,DLNG,396
QQQ,OPXS,196
QQQ,PLAY,18
QQQ,TFPM,33
QQQ,AQU,19
QQQ,TPH,220
QQQ,FBK,397
QQQ,MSCI,219
QQQ,MTZ,18
QQQ,APOG,18
QQQ,MTH,210
QQQ,VIPS,201
QQQ,RXO,9
QQQ,BK,220
QQQ,STT,218
QQQ,ARW,217
QQQ,ACAX,49
QQQ,CRUS,216
QQQ,NVR,208
QQQ,TBNK,210
QQQ,TFII,213
QQQ,MATX,399
QQQ,MCHP,199
QQQ,JBHT,290
QQQ,BMRC,290
QQQ,WMPN,290
QQQ,ZTO,203
QQQ,OTTR,11
QQQ,LEGH,11
QQQ,ACNT,401
QQQ,GLW,214
QQQ,VLO,218
QQQ,IBKR,13
QQQ,KEYS,196
QQQ,SILC,196
QQQ,AFAR,9
QQQ,ALPS,36
QQQ,SBCF,16
QQQ,IVCA,3
QQQ,WEYS,324
QQQ,GL,11
QQQ,TGS,11
QQQ,PHX,11
QQQ,NRP,208
QQQ,MGIC,334
QQQ,IFS,12
QQQ,LBC,12
QQQ,ELA,12
QQQ,SVIIU,3
QQQ,ITW,192
QQQ,HGTY,228
QQQ,PH,191
QQQ,DRI,191
QQQ,INGR,191
QQQ,LIN,191
QQQ,ACAB,76
QQQ,COHU,190
QQQ,BAP,14
QQQ,KOSS,98
QQQ,GAMC,4
QQQ,CHCI,16
QQQ,CVS,5
QQQ,CI,5
QQQ,AON,5
QQQ,JNJ,5
QQQ,MCK,5
QQQ,SYY,5
QQQ,GWW,5
QQQ,ODFL,5
QQQ,WCN,5
QQQ,CMI,5
QQQ,VMC,5
QQQ,GPC,5
QQQ,WTW,5
QQQ,FMC,5
QQQ,RE,5
QQQ,APA,5
QQQ,AGCO,5
QQQ,WRK,5
QQQ,NVT,5
QQQ,OLN,5
QQQ,MUSA,5
QQQ,TKR,5
QQQ,AGI,5
QQQ,MLI,5
QQQ,AVT,5
QQQ,DRVN,5
QQQ,ELF,5
QQQ,NCR,5
QQQ,ATHM,5
QQQ,BCO,5
QQQ,NWL,5
QQQ,SLM,5
QQQ,WLYB,5
QQQ,CPE,5
QQQ,CBRL,5
QQQ,BTE,5
QQQ,HEES,5
QQQ,RYI,5
QQQ,OCSL,5
QQQ,TNK,5
QQQ,KEN,5
QQQ,DMLP,5
QQQ,HCCI,5
QQQ,NAT,5
QQQ,BFH,5
QQQ,ASLE,5
QQQ,SCSC,5
QQQ,TITN,5
QQQ,KE,5
QQQ,RMAX,5
QQQ,CLFD,5
QQQ,CIR,5
QQQ,SVM,5
QQQ,AMAL,5
QQQ,EXK,5
QQQ,FFIC,5
QQQ,LXFR,5
QQQ,IBEX,5
QQQ,REI,5
QQQ,SCM,5
QQQ,PETS,5
QQQ,RNGR,5
QQQ,EPM,5
QQQ,EMX,5
QQQ,EP,5
QQQ,MFIN,5
QQQ,VABK,5
QQQ,NSTD,5
QQQ,GAU,5
QQQ,GASS,5
QQQ,CVCY,5
QQQ,PRSR,5
QQQ,PRSRU,5
QQQ,NIR,5
QQQ,AXR,5
QQQ,ARRW,5
QQQ,TAYD,5
QQQ,HVBC,5
QQQ,ADEX,5
QQQ,EAC,5
QQQ,ARKR,5
QQQ,FURY,5
QQQ,AP,5
QQQ,ASRV,5
QQQ,CTRM,5
QQQ,TISI,5
QQQ,CAT,5
QQQ,HIG,11
QQQ,HOV,191
QQQ,WMS,405
QQQ,GTLS,405
QQQ,C,5
QQQ,REGN,5
QQQ,NVO,5
QQQ,MRK,5
QQQ,AZN,5
QQQ,VTRS,5
QQQ,UTHR,5
QQQ,PFE,5
QQQ,CASY,5
QQQ,RRC,5
QQQ,PSO,5
QQQ,AR,5
QQQ,SWN,5
QQQ,SLGN,5
QQQ,PPC,5
QQQ,UBSI,5
QQQ,MODG,5
QQQ,TIGO,5
QQQ,DKL,5
QQQ,CNO,5
QQQ,PLXS,5
QQQ,ACIW,5
QQQ,CVBF,5
QQQ,FULT,5
QQQ,BTU,5
QQQ,ARLP,5
QQQ,LAUR,5
QQQ,MTX,5
QQQ,WAFD,5
QQQ,TRMK,5
QQQ,CTS,5
QQQ,ABCL,5
QQQ,NBTB,5
QQQ,OFG,5
QQQ,UVV,5
QQQ,NWBI,5
QQQ,SBR,5
QQQ,LPG,5
QQQ,AMRK,5
QQQ,AMTB,5
QQQ,FCBC,5
QQQ,TRST,5
QQQ,BVH,5
QQQ,ASC,5
QQQ,LQDT,5
QQQ,HOPE,5
QQQ,SLAM,5
QQQ,ESQ,5
QQQ,MCBC,5
QQQ,METC,5
QQQ,EZPW,5
QQQ,EEX,5
QQQ,SMBC,5
QQQ,BCBP,5
QQQ,ORRF,5
QQQ,TG,5
QQQ,COFS,5
QQQ,MVO,5
QQQ,NKSH,5
QQQ,CALB,5
QQQ,GHM,5
QQQ,HWBK,5
QQQ,CPHC,5
QQQ,LWAY,5
QQQ,SBFG,5
QQQ,HFBL,5
QQQ,AAME,5
QQQ,ISIG,5
QQQ,WING,187
QQQ,HCA,274
QQQ,NTES,6
QQQ,YUM,6
QQQ,ERIC,6
QQQ,WSC,6
QQQ,CHE,6
QQQ,HHC,6
QQQ,EXTR,6
QQQ,CMBM,6
QQQ,RELL,6
QQQ,NECB,6
QQQ,HHLA,6
QQQ,CLMB,6
QQQ,TZOO,6
QQQ,PLMI,6
QQQ,SRTS,6
QQQ,MSB,335
QQQ,TAK,6
QQQ,MFG,6
QQQ,CVE,6
QQQ,NUE,6
QQQ,FWONA,6
QQQ,DAL,6
QQQ,YUMC,6
QQQ,AEM,6
QQQ,PFG,6
QQQ,TS,6
QQQ,UAL,6
QQQ,CTRA,6
QQQ,WLK,6
QQQ,EQT,6
QQQ,AAL,6
QQQ,DINO,6
QQQ,CFR,6
QQQ,SON,6
QQQ,NOV,6
QQQ,ALK,6
QQQ,CMA,6
QQQ,DDS,6
QQQ,OSK,6
QQQ,TRTN,6
QQQ,LU,6
QQQ,FNB,6
QQQ,ONB,6
QQQ,HWC,6
QQQ,EURN,6
QQQ,MSGS,6
QQQ,RUSHA,6
QQQ,JWN,6
QQQ,COOP,6
QQQ,CBU,6
QQQ,ASB,6
QQQ,FL,6
QQQ,ALGT,6
QQQ,HRMY,6
QQQ,NUVA,6
QQQ,KTB,6
QQQ,CLS,6
QQQ,FLNG,6
QQQ,WSBC,6
QQQ,FCF,6
QQQ,CHCO,6
QQQ,HNI,6
QQQ,STGW,6
QQQ,USNA,6
QQQ,EAF,6
QQQ,OFLX,6
QQQ,DGII,6
QQQ,GES,6
QQQ,OCFC,6
QQQ,MED,6
QQQ,DBI,6
QQQ,CCBG,6
QQQ,HBT,6
QQQ,CECO,6
QQQ,EQBK,6
QQQ,SPTN,6
QQQ,CARE,6
QQQ,LYTS,6
QQQ,RRBI,6
QQQ,ARL,6
QQQ,MOFG,6
QQQ,UNTY,6
QQQ,SPOK,6
QQQ,BPRN,6
QQQ,PCB,6
QQQ,PKBK,6
QQQ,QIPT,6
QQQ,PRPH,6
QQQ,EPSN,6
QQQ,MRBK,6
QQQ,PEBK,6
QQQ,TWLVU,6
QQQ,UL,6
QQQ,AUBN,6
QQQ,PDEX,6
QQQ,STG,6
QQQ,KFFB,6
QQQ,FLFVU,8
QQQ,CRVL,7
QQQ,GCMG,7
QQQ,ICHR,7
QQQ,MTAC,7
QQQ,PDD,7
QQQ,GEHC,10
QQQ,ARCB,223
QQQ,FANH,88
QQQ,FBP,14
QQQ,MOS,7
QQQ,NMR,7
QQQ,ALLY,7
QQQ,FHN,7
QQQ,SM,7
QQQ,TWNK,7
QQQ,GPI,7
QQQ,SIG,7
QQQ,RLX,7
QQQ,TEX,7
QQQ,SYBT,7
QQQ,SFL,7
QQQ,DSGR,7
QQQ,BFC,7
QQQ,MOV,7
QQQ,GPP,7
QQQ,SMMF,7
QQQ,UFI,7
QQQ,QSR,8
QQQ,NWS,8
QQQ,TMO,8
QQQ,OCG,8
QQQ,YOTA,6
QQQ,FWONK,8
QQQ,TCOM,8
QQQ,CWST,8
QQQ,SNEX,8
QQQ,CAAP,8
QQQ,HBB,8
QQQ,BKU,254
QQQ,ABC,9
QQQ,CPUH,9
QQQ,GAMCU,9
QQQ,IOSP,193
QQQ,SSB,9
QQQ,NWLI,9
QQQ,STBA,9
QQQ,DCOM,9
QQQ,BWB,9
QQQ,CHRD,7
QQQ,EBC,7
QQQ,INSW,7
QQQ,RJF,10
QQQ,VMD,10
QQQ,VOXR,10
QQQ,UNH,7
QQQ,ED,7
QQQ,ZBH,7
QQQ,LW,7
QQQ,NEP,7
QQQ,FIZZ,7
QQQ,AWR,7
QQQ,ROCK,7
QQQ,PARR,7
QQQ,PUBM,7
QQQ,BELFA,7
QQQ,CCB,7
QQQ,PTSI,7
QQQ,SAR,7
QQQ,PRPC,7
QQQ,LAZY,7
QQQ,CULL,7
QQQ,TJX,183
QQQ,VRRM,7
QQQ,SPLP,7
QQQ,NETI,7
QQQ,FET,7
QQQ,BCAL,7
QQQ,BSVN,7
QQQ,OVLY,7
QQQ,RCMT,7
QQQ,HHS,7
QQQ,BMRN,10
QQQ,CP,8
QQQ,KDP,8
QQQ,IT,8
QQQ,FC,8
QQQ,NEE,8
QQQ,HWEL,108
QQQ,AMPS,11
QQQ,WAB,8
QQQ,FRHC,8
QQQ,IMXI,8
QQQ,ZEUS,8
QQQ,TNP,8
QQQ,ESEA,8
QQQ,OCAX,8
QQQ,POST,11
QQQ,NWE,93
QQQ,KHC,8
QQQ,CD,8
QQQ,CNXN,8
QQQ,EBMT,8
QQQ,SIGI,11
QQQ,FTDR,9
QQQ,GHC,9
QQQ,TME,9
QQQ,SJ,9
QQQ,GROW,90
QQQ,OPCH,9
QQQ,SRCL,9
QQQ,HBCP,9
QQQ,FGBI,9
QQQ,MNSO,12
QQQ,NWPX,12
QQQ,ANZU,12
QQQ,BSX,10
QQQ,TRMD,10
QQQ,NRG,382
QQQ,CCF,100
QQQ,LSEA,10
QQQ,SDACU,10
QQQ,SSBI,13
QQQ,ARRY,6
QQQ,PDCO,6
QQQ,DFH,6
QQQ,NEN,6
QQQ,BSET,6
QQQ,ALTU,6
QQQ,SANM,10
QQQ,AMSF,183
QQQ,MURF,32
QQQ,THCPU,219
QQQ,NWSA,7
QQQ,GOTU,7
QQQ,PSTG,11
QQQ,CRMT,11
QQQ,VOYA,277
QQQ,PCTY,12
QQQ,WINA,12
QQQ,DSWL,12
QQQ,FDX,16
QQQ,TWLV,16
QQQ,ARBG,9
QQQ,OC,19
QQQ,MHO,19
QQQ,BZH,19
QQQ,SNA,19
QQQ,JBSS,19
QQQ,UNFI,19
QQQ,HSBC,19
QQQ,HMAC,27
QQQ,ENVA,20
QQQ,KVSA,20
QQQ,TRIS,83
QQQ,LEVI,90
QQQ,ADUS,17
QQQ,HI,22
QQQ,FIBK,22
QQQ,ASIX,22
QQQ,LIZI,66
QQQ,DCO,88
QQQ,OMC,25
QQQ,CX,24
QQQ,BHE,24
QQQ,HCVI,109
QQQ,ESLT,6
QQQ,MKSI,6
QQQ,JKS,6
QQQ,LPRO,6
QQQ,AOSL,6
QQQ,AIG,25
QQQ,BOKF,25
QQQ,MGRC,25
QQQ,SR,29
QQQ,SSL,26
QQQ,FUL,26
QQQ,INDB,26
QQQ,MOD,26
QQQ,BUSE,26
QQQ,GE,26
QQQ,MBC,13
QQQ,SHG,27
QQQ,MTD,7
QQQ,KNSL,7
QQQ,VSH,7
QQQ,ABCB,7
QQQ,MBIN,7
QQQ,KRKR,38
QQQ,BYTSU,13
QQQ,ARCO,32
QQQ,TRCA,33
QQQ,KNSA,59
QQQ,BRN,38
QQQ,PBF,37
QQQ,OII,44
QQQ,RAVE,44
QQQ,CWEN,8
QQQ,CTBI,8
QQQ,BELFB,8
QQQ,FWAC,178
QQQ,CVII,24
QQQ,SCCO,280
QQQ,FLFV,49
QQQ,AGX,9
QQQ,HMA,60
QQQ,PII,69
QQQ,BHP,68
QQQ,WLFC,9
QQQ,MCFT,168
QQQ,GBR,7
QQQ,ENLT,9
QQQ,EE,47
QQQ,TENK,11
QQQ,SID,67
QQQ,AMAO,8
QQQ,SIGA,12
QQQ,IVCP,84
QQQ,RS,23
QQQ,MNTN,99
QQQ,ACA,15
QQQ,TRIP,37
QQQ,GO,50
QQQ,IH,50
QQQ,RMGC,46
QQQ,CRBG,12
QQQ,PHM,182
QQQ,ATAK,64
QQQ,PNAC,9
QQQ,HALO,69
QQQ,EPAC,17
QQQ,APXI,99
QQQ,UTAAU,98
QQQ,OEC,18
QQQ,GFOR,164
QQQ,LGIH,19
QQQ,FWRD,19
QQQ,NIC,19
QQQ,EFHT,11
QQQ,TGNA,21
QQQ,FIAC,63
QQQ,USFD,24
QQQ,MAR,25
QQQ,RWOD,38
QQQ,PWR,192
QQQ,ARYD,58
QQQ,NVGS,38
QQQ,LNKB,16
QQQ,PGTI,242
QQQ,PATK,168
QQQ,NA,4
QQQ,VMCAU,75
QQQ,ALSAU,134
QQQ,POL,193
QQQ,QOMO,22
QQQ,TMKRU,166
QQQ,GLST,36
QQQ,BAM,21
QQQ,GBBK,6
QQQ,COCO,169
QQQ,MCVT,92
QQQ,CSWI,221
QQQ,SKWD,6
QQQ,FG,26
QQQ,CCAI,94
QQQ,HMACU,49
QQQ,PLTN,8
QQQ,SHUA,36
QQQ,MDC,170
QQQ,NUBI,34
QQQ,GPOR,431
QQQ,THO,109
QQQ,ZIP,161
QQQ,AVHIU,160
QQQ,FICV,175
QQQ,VTS,9
QQQ,TTEK,333
QQQ,PWUPU,98
QQQ,MPTI,4
QQQ,EVE,97
QQQ,GLSTU,6
QQQ,RCKY,9
QQQ,BYTS,9
QQQ,RAYA,10
QQQ,AXS,280
QQQ,AFTR,182
QQQ,CNI,10
QQQ,MLAC,10
QQQ,PLTNU,33
QQQ,UTMD,369
QQQ,JGGC,62
QQQ,UTAA,97
QQQ,OST,38
QQQ,SNDR,345
QQQ,SCL,14
QQQ,XPDB,98
QQQ,HNVR,3
QQQ,TGAAU,114
QQQ,ZING,103
QQQ,RENE,72
QQQ,PRLH,91
QQQ,SNAL,35
QQQ,VIRC,215
QQQ,CZNC,408
QQQ,LMB,23
QQQ,HAIAU,91
QQQ,OMER,91
QQQ,SCRM,80
QQQ,IXAQ,102
QQQ,EXEL,318
QQQ,CXAC,53
QQQ,KCGI,181
QQQ,SKGR,31
QQQ,IVCAU,40
QQQ,CNDA,172
QQQ,TETE,67
QQQ,GFGD,92
QQQ,CETY,15
QQQ,CLIN,41
QQQ,MHUA,87
QQQ,HCKT,8
QQQ,KYCH,74
QQQ,PBHC,9
QQQ,HD,220
QQQ,TWCB,198
QQQ,APCA,94
QQQ,AOS,218
QQQ,PWUP,49
QQQ,ONYX,124
QQQ,MOLN,217
QQQ,ROST,75
QQQ,TCOA,111
QQQ,ACDC,36
QQQ,CNGLU,202
QQQ,PEPL,136
QQQ,GNTY,448
QQQ,URI,203
QQQ,CFFSU,124
QQQ,RSG,254
QQQ,CMCA,90
QQQ,VCXB,77
QQQ,GAQ,43
QQQ,ATAT,9
QQQ,WNC,12
QQQ,MAQCU,12
QQQ,EVGR,58
QQQ,SQM,13
QQQ,BGSF,355
QQQ,BLCO,94
QQQ,DPCS,117
QQQ,VAC,187
QQQ,ROL,134
QQQ,ESACU,185
QQQ,NSTC,14
QQQ,HTZ,359
QQQ,HLIT,12
QQQ,GTAC,76
QQQ,FXCO,114
QQQ,CCRN,14
QQQ,DY,189
QQQ,CDW,196
QQQ,BYN,37
QQQ,GPACU,15
QQQ,SGII,106
QQQ,TT,9
QQQ,HOLX,9
QQQ,BRO,9
QQQ,AGO,9
QQQ,HWKN,9
QQQ,ORGO,9
QQQ,HNRG,9
QQQ,TPG,105
QQQ,BCH,10
QQQ,AROW,10
QQQ,ACBAU,10
QQQ,LIBY,124
QQQ,CHEAU,23
QQQ,WM,19
QQQ,GBCI,453
QQQ,CTAS,271
QQQ,SBH,50
QQQ,HUBB,11
QQQ,ENIC,11
QQQ,GATX,11
QQQ,BSM,11
QQQ,BCC,11
QQQ,CAPL,11
QQQ,TWI,11
QQQ,OSBC,11
QQQ,PIAI,11
QQQ,FSRX,11
QQQ,CFFEU,11
QQQ,LCAA,65
QQQ,EIX,23
QQQ,UHG,12
QQQ,GTE,12
QQQ,ADER,12
QQQ,TPL,39
QQQ,GEF,31
QQQ,CBSH,454
QQQ,WABC,454
QQQ,BHF,13
QQQ,RRX,225
QQQ,NTB,224
QQQ,CDAQU,179
QQQ,CCNE,455
QQQ,ENCP,115
QQQ,EMLDU,140
QQQ,AVA,344
QQQ,AIB,84
QQQ,CBOE,189
QQQ,AHRNU,39
QQQ,MERC,457
QQQ,MCAA,123
QQQ,SPH,12
QQQ,OFED,458
QQQ,ROC,123
QQQ,STEL,330
QQQ,UCBI,459
QQQ,ACRO,71
QQQ,BLEUU,148
QQQ,SIM,17
QQQ,SLVR,137
QQQ,CTVA,10
QQQ,LECO,10
QQQ,KBR,10
QQQ,VMI,10
QQQ,ATKR,10
QQQ,BECN,10
QQQ,LEG,10
QQQ,WOR,10
QQQ,MLR,10
QQQ,CPTK,10
QQQ,HUN,352
QQQ,OVBC,352
QQQ,GPN,11
QQQ,ASM,11
QQQ,XFIN,38
QQQ,CCTS,117
QQQ,HWKZ,146
QQQ,AFARU,64
QQQ,AMNB,358
QQQ,GMED,10
QQQ,BXSL,165
QQQ,HOMB,12
QQQ,FBNC,12
QQQ,MSBI,12
QQQ,PORT,112
QQQ,DPSI,18
QQQ,HCNE,203
QQQ,BFAC,97
QQQ,CLBK,359
QQQ,NBHC,359
QQQ,AESI,3
QQQ,TNL,9
QQQ,HLN,50
QQQ,BLDR,289
QQQ,GAMB,295
QQQ,BOCNU,112
QQQ,CFBK,361
QQQ,NFNT,114
QQQ,FRME,359
QQQ,AHRN,92
QQQ,IBCP,463
QQQ,BCSA,121
QQQ,RCFA,120
QQQ,SAFT,363
QQQ,JCSE,18
QQQ,LATG,72
QQQ,TOAC,121
QQQ,BRD,116
QQQ,SPSC,13
QQQ,NPAB,126
QQQ,PNBK,364
QQQ,BNIX,164
QQQ,EMBC,142
QQQ,GLRE,25
QQQ,IRAA,177
QQQ,CITE,81
QQQ,PLAO,18
QQQ,HCNEU,193
QQQ,ONON,194
QQQ,DRCT,106
QQQ,IVCB,95
QQQ,BRKH,100
QQQ,OHAA,124
QQQ,USCT,122
QQQ,RCAC,93
QQQ,ALSA,105
QQQ,LGVC,119
QQQ,INAQ,166
QQQ,FNVTU,168
QQQ,VHNA,112
QQQ,FIGS,127
QQQ,PPYA,82
QQQ,CHEA,11
QQQ,ATEK,111
QQQ,FTIIU,112
QQQ,HCMA,36
QQQ,TLGY,100
QQQ,NETC,124
QQQ,TCBS,306
QQQ,AEAE,134
QQQ,CREC,113
QQQ,OPBK,469
QQQ,MPRAU,157
QQQ,RRAC,125
QQQ,CNDB,124
QQQ,RFACU,45
QQQ,JZ,49
QQQ,MSM,10
QQQ,LVRO,177
QQQ,CSL,362
QQQ,MSSAU,71
QQQ,IZM,4
QQQ,YOTAU,49
QQQ,MOBVU,50
QQQ,BIOSU,148
QQQ,GCT,38
QQQ,ALOR,111
QQQ,PHYT,128
QQQ,GDNR,110
QQQ,CALM,208
QQQ,DSAQ,153
QQQ,HKD,4
QQQ,FNVT,135
QQQ,SLND,124
QQQ,HCVIU,184
QQQ,AWIN,330
QQQ,NCAC,128
QQQ,NABL,216
QQQ,WWAC,128
QQQ,GLLI,123
QQQ,AVHI,146
QQQ,ARTEU,173
QQQ,VMCA,116
QQQ,BSAQ,197
QQQ,NXT,10
QQQ,APTM,189
QQQ,SUAC,118
QQQ,GHIX,83
QQQ,DLO,120
QQQ,CNGL,109
QQQ,ARHS,136
QQQ,LICN,15
QQQ,FRBN,96
QQQ,BENF,139
QQQ,OLIT,95
QQQ,RYAN,279
QQQ,AEAEU,184
QQQ,TETEU,121
QQQ,TORO,12
QQQ,JGGCU,99
QQQ,ENER,149
QQQ,MPRA,130
QQQ,XPOF,215
QQQ,TLGYU,160
QQQ,ENTFU,172
QQQ,WFG,353
QQQ,IRRX,117
QQQ,APAC,199
QQQ,EMLD,105
QQQ,IGTA,103
QQQ,CLOE,206
QQQ,APMI,187
QQQ,RLGT,160
QQQ,FRBNU,136
QQQ,BRKHU,171
QQQ,ICG,4
QQQ,ALSN,189
QQQ,KYCHU,119
QQQ,ESAB,24
QQQ,PACI,113
QQQ,NFYS,139
QQQ,THCP,169
QQQ,EVGRU,96
QQQ,XPAX,184
QQQ,CCAIU,194
QQQ,SMAP,150
QQQ,GGB,256
QQQ,TASK,176
QQQ,WNNR,86
QQQ,AMPH,310
QQQ,SEDA,125
QQQ,BIOS,107
QQQ,USEA,61
QQQ,PEGRU,192
QQQ,UGIC,278
QQQ,RWAY,188
QQQ,RNST,389
QQQ,BANL,3
QQQ,ACBA,255
QQQ,ARYE,209
QQQ,ACABU,280
QQQ,RFAC,125
QQQ,ITAQ,96
QQQ,OSI,160
QQQ,PGR,189
QQQ,YGF,3
QQQ,CTKB,280
QQQ,DLTR,357
QQQ,CLCO,5
QQQ,ICNC,140
QQQ,AJG,192
QQQ,DOLE,208
QQQ,CPAAU,200
QQQ,CORS,172
QQQ,SSBK,296
QQQ,LGST,116
QQQ,PBBK,388
QQQ,TDCX,173
QQQ,MSSA,90
QQQ,WEL,110
QQQ,ORLY,279
QQQ,ZINGU,151
QQQ,BBUC,58
QQQ,WWACU,193
QQQ,BKE,287
QQQ,ARBB,3
QQQ,EMCGU,29
QQQ,JYD,3
QQQ,LCNB,278
QQQ,MCAG,148
QQQ,CR,3
QQQ,HLP,3
QQQ,TOP,102
QQQ,VEDU,109
QQQ,ARIS,345
QQQ,PTLO,284
QQQ,ACAXU,120
QQQ,MWG,6
QQQ,STRW,20
QQQ,VII,120
QQQ,SYT,7
QQQ,UHAL,199
QQQ,HKIT,7
QQQ,CION,166
QQQ,VCIG,6
QQQ,FWRG,289
QQQ,AEP,80
QQQ,BYNO,132
QQQ,SFWL,5
QQQ,FEXD,132
QQQ,FTII,124
QQQ,GDHG,8
QQQ,GHIXU,141
QQQ,CSGS,380
QQQ,FHLT,101
QQQ,SLVRU,207
QQQ,IBOC,194
QQQ,BXC,127
QQQ,CITEU,87
QQQ,NRT,363
QQQ,TRONU,173
QQQ,KVUE,5
QQQ,ACM,296
QQQ,ZJYL,8
QQQ,QDRO,114
QQQ,MAQC,241
QQQ,EWCZ,94
QQQ,APTMU,214
QQQ,BWCAU,213
QQQ,MHK,76
QQQ,OTEC,223
QQQ,AMGN,50
QQQ,AIT,294
QQQ,CNM,231
QQQ,ALPAU,213
QQQ,MOH,294
QQQ,DALS,223
QQQ,GFX,52
QQQ,IPVF,207
QQQ,ESAC,39
QQQ,SOTK,357
QQQ,AMWD,280
QQQ,DKDCA,235
QQQ,MGIH,11
QQQ,GXO,230
QQQ,CLOEU,290
QQQ,KNX,294
QQQ,LSTR,284
QQQ,REYN,14
QQQ,LOPE,14
QQQ,POWL,14
QQQ,CLW,14
QQQ,SCAQ,14
QQQ,RCLF,14
QQQ,PAC,15
QQQ,ASR,15
QQQ,GLLIU,185
QQQ,NVEC,15
QQQ,GSMG,294
QQQ,TMKR,17
QQQ,BWMN,16
QQQ,WRAC,219
QQQ,WRB,334
QQQ,PPYAU,115
QQQ,BANF,363
QQQ,NPK,31
QQQ,MLNK,231
QQQ,NVTS,199
QQQ,STVN,221
QQQ,PAG,297
QQQ,ALCC,217
QQQ,FICVU,254
QQQ,ACT,289
QQQ,DNAD,233
QQQ,CVU,300
QQQ,SAIA,269
QQQ,FLAG,294
QQQ,AVD,363
QQQ,NUBIU,202
QQQ,JUGGU,224
QQQ,BLNGU,335
QQQ,AZO,305
QQQ,ACGL,305
QQQ,RLI,305
QQQ,CBZ,305
QQQ,HURN,305
QQQ,LHC,305
QQQ,BITE,305
QQQ,CFFE,305
QQQ,ITCL,291
QQQ,RBA,363
QQQ,BRID,363
QQQ,UFCS,387
QQQ,LPLA,393
QQQ,ERIE,393
QQQ,SBS,393
QQQ,THR,393
QQQ,DE,393
QQQ,IAS,232
QQQ,MITAU,237
QQQ,WETG,9
QQQ,OTECU,393
QQQ,EGGF,305
QQQ,TCBC,305
QQQ,EHC,305
QQQ,HWELU,306
QQQ,DTM,298
QQQ,DNAB,393
QQQ,BLNG,305
QQQ,APMIU,306
QQQ,PFTAU,393
QQQ,DISA,369
QQQ,BHACU,320
QQQ,HGBL,291
QQQ,MMMB,394
QQQ,ATMU,4
QQQ,ENTF,305
QQQ,ATR,279
QQQ,PKX,387
QQQ,DTOC,465
QQQ,IXAQU,287
QQQ,NE,334
QQQ,TWCBU,305
QQQ,TEDU,393
QQQ,PEGR,305
QQQ,JAQCU,332
QQQ,YMM,334
QQQ,SLVM,334
QQQ,ACAC,209
QQQ,ZURA,33
QQQ,LBBB,291
